model,split_method,similarity_bin,n,rmse,mae,r2
Random Forest,random,<0.30,28,1.8678280891346009,1.199991372306679,0.3857436563213593
Random Forest,random,0.30-0.49,204,1.2175385573557622,0.856172188807488,0.7000651913018763
Random Forest,random,0.50-0.69,399,0.8778220233675759,0.6016912694041374,0.8256044354166807
Random Forest,random,0.70-0.89,192,0.7561239718046779,0.5518350952245702,0.8858125242086609
Random Forest,random,>=0.90,99,0.8695397099367271,0.5889258290187613,0.8310829461419901
Random Forest,scaffold,<0.30,123,1.594567445197481,1.1271785273892663,0.431635892082883
Random Forest,scaffold,0.30-0.49,463,1.25451443306889,0.9195419228395288,0.6503626416205996
Random Forest,scaffold,0.50-0.69,267,1.130490469276057,0.7830853750013891,0.7328737037974373
Random Forest,scaffold,0.70-0.89,51,1.091326569783613,0.8418983225151757,0.7234305074494545
Random Forest,scaffold,>=0.90,18,1.2652385862097955,0.7618090993784348,0.44624037464871447
Small GNN,random,<0.30,28,2.1740587801865474,1.322168129163661,0.16781782370819642
Small GNN,random,0.30-0.49,204,1.2883496403968442,0.9237549123765134,0.6641627193963204
Small GNN,random,0.50-0.69,399,0.9716448487855349,0.6591656704440265,0.7863329295886039
Small GNN,random,0.70-0.89,192,0.8591446947992337,0.6475082976345826,0.852577054515224
Small GNN,random,>=0.90,99,1.219689659306137,0.8282190335143094,0.6676517918040417
Small GNN,scaffold,<0.30,123,1.5141611286980552,1.1413851852672614,0.4875104152751627
Small GNN,scaffold,0.30-0.49,463,1.26465932899076,0.9700461196477804,0.64468494443427
Small GNN,scaffold,0.50-0.69,267,1.1088691200149743,0.8032020851830195,0.7429939123171674
Small GNN,scaffold,0.70-0.89,51,1.2282743019709215,0.876812958505516,0.6496633712712134
Small GNN,scaffold,>=0.90,18,2.055208577339406,1.3004070421059926,-0.46112791901977124
