smiles,nearest_train_tanimoto,nearest_train_smiles
Brc1cc(Br)c(OCCOc2c(Br)cc(Br)cc2Br)c(Br)c1,0.4444444444444444,Brc1cc(Br)c(Oc2cc(Br)cc(Br)c2Br)c(Br)c1
Brc1cccc(Nc2ncnc3cc4[nH]ccc4cc23)c1,0.2558139534883721,Brc1cccc(Br)c1
Brc1cccc(Nc2ncnc3cc4[nH]ncc4cc23)c1,0.2916666666666667,c1ccc2[nH]ncc2c1
C#CCOS(=O)OC1CCCCC1Oc1ccc(C(C)(C)C)cc1,0.2777777777777778,CC(C)(C)c1ccc(OP(=O)(Oc2ccccc2)Oc2ccccc2)cc1
C/C(=C\C(C)CC(C)CC(C)C)C1CC(=O)OC1=O,0.25,CC(C)CC(C)CO
C/C(=N/Nc1nc(C)cc(C)n1)c1ccccc1C,0.35,COC(=O)c1ccccc1C
C/C=C/CC(C)C(O)C1C(=O)NC(CC)C(=O)N(C)CC(=O)N(C)C(CC(C)C)C(=O)NC(C(C)C)C(=O)N(C)C(CC(C)C)C(=O)NC(C)C(=O)NC(C)C(=O)N(C)C(CC(C)C)C(=O)N(C)C(CC(C)C)C(=O)N(C)C(C(C)C)C(=O)N1C,0.2047244094488189,CCC(C)C1NC(=O)C(Cc2c[nH]c3ccccc23)NC(=O)C2CCCN2C(=O)C(Cc2ccccc2)N(C)C(=O)C2CNCCN2C(=O)C2CCCCN2C1=O
C/C=C1\CC2C=CC1C2,0.2692307692307692,C1=CC2CCC1C2
C1=CC=CCC=C1,0.8888888888888888,C1=CCC=C1
C1=CCC(C2OCC3(CO2)COC(C2CC=CCC2)OC3)CC1,0.30303030303030304,C=CC1CC=CCC1
C1=COCCC1,0.35294117647058826,C1=CCCCC1
C1=Cc2cccc3cccc1c23,0.42857142857142855,Clc1cccc2cccc(Cl)c12
C1=NC=NC2N=C(c3ccccc3)N=C12,0.26666666666666666,c1ccc(-c2ccccc2)cc1
C1CC(COCC2CO2)CCC1COCC1CO1,0.48148148148148145,C=CCOCC1CO1
C1CC(N2CCOCC2)CCN1,0.3076923076923077,CN1CCOCC1
C1CCC2CCCCC2C1,0.38461538461538464,CC1CCCC1
C1CCCCCC1,1.0,C1CCCC1
C1CCCCCCC1,1.0,C1CCCC1
C1CCN2CC3CC(CN4CCCCC34)C2C1,0.2222222222222222,O=S(=O)(N1CCCC1)N1CCCC1
C1CCN2C[C@@H]3C[C@@H](CN4CCCC[C@@H]34)[C@H]2C1,0.2222222222222222,O=S(=O)(N1CCCC1)N1CCCC1
C1CCOCOC1,0.6363636363636364,C1CCOC1
C1CC[C@@H]2NCCC[C@H]2C1,0.3333333333333333,CCC1CCCCN1
C1CN(SSN2CCOCC2)CCO1,0.42105263157894735,CN1CCOCC1
C1CN2CCN1CC2,0.2727272727272727,CN1CCN(C)CC1
C1CNCCNCCNCCN1,0.8333333333333334,C1CN1
C1N2CN3CN1CN(C2)C3,0.1875,O=[N+]([O-])N1CN([N+](=O)[O-])CN([N+](=O)[O-])C1
C1OC1C1CO1,0.4166666666666667,CC1CO1
C1O[C@@H]1[C@@H]1CO1,0.4166666666666667,CC1CO1
C1O[C@@H]1[C@H]1CO1,0.4166666666666667,CC1CO1
C1O[C@H]1[C@H]1CO1,0.4166666666666667,CC1CO1
C=C(C)C1Cc2c(ccc3c2OC2COc4cc(OC)c(OC)cc4C2C3=O)O1,0.2608695652173913,C=CCc1ccc(OC(C)=O)c(OC)c1
C=C(C)[C@H]1Cc2c(ccc3c2O[C@@H]2COc4cc(OC)c(OC)cc4[C@@H]2C3=O)O1,0.2608695652173913,C=CCc1ccc(OC(C)=O)c(OC)c1
C=C(c1ccccc1)c1ccccc1,0.5789473684210527,C=C(C)c1ccccc1
C=C1C2CCC(C2)C1(C)C,0.3870967741935484,C=C1CCC2CC1C2(C)C
C=C1C=CC(=O)O1,0.2631578947368421,O=C1C=CC(=O)C=C1
C=C1CC2C(CCC3(C)C2CCC3(OC(C)=O)C(C)=O)C2(C)CCC(=O)C=C12,0.7090909090909091,CC(=O)OC1(C(C)=O)CCC2C3CCC4=CC(=O)CCC4(C)C3CCC21C
C=C1CCOC(C=C(C)C)C1,0.4411764705882353,CC(C)=CC1CC(C)CCO1
C=C1CCO[C@]2(C(O)C(C)(O)CO)NC(=O)[C@@]1(O)NC2=O,0.21052631578947367,CC(C)=CCC1(C(C)(C)C)C(=O)NC(=O)NC1=O
C=CC(=O)OCC1CC2CC1C1CCC(COC(=O)C=C)C21,0.4,C=CC(=O)OCC1CCCO1
C=CC(=O)OCCn1c(=O)n(CCOC(=O)C=C)c(=O)n(CCOC(=O)C=C)c1=O,0.5172413793103449,C=CC(=O)OCCCCCCCCCCOC(=O)C=C
C=CC1CN2CCC1CC2C(=O)c1ccnc2ccc(OC)cc12,0.6615384615384615,C=CC1CN2CCC1C[C@H]2[C@H](O)c1ccnc2ccc(OC)cc12
C=CC1CN2CCC1CC2C(=O)c1ccnc2ccccc12,0.6101694915254238,C=CC1CN2CCC1CC2C(O)c1ccnc2ccccc12
C=CCC1(c2ccccc2)C(=O)NC(=O)NC1=O,0.5,C=CCC1(CC=C)C(=O)NC(=O)NC1=O
C=CCOC(Cn1ccnc1)c1ccc(Cl)cc1Cl,0.7142857142857143,Clc1ccc(COC(Cn2ccnc2)c2ccc(Cl)cc2Cl)c(Cl)c1
C=CCOC1=NS(=O)(=O)c2ccccc21,0.35555555555555557,C=CCOc1ccccc1C(N)=O
C=CCc1ccc2cncnc2c1O,0.30434782608695654,C=CCc1cc(C(C)(C)c2ccc(O)c(CC=C)c2)ccc1O
C=CCn1c(=O)n(CC=C)c(=O)n(CC=C)c1=O,0.2857142857142857,C=CCC1(CC=C)C(=O)NC(=O)NC1=O
C=CN1C=CN(C)C1,0.19047619047619047,C=CC
C=CS(=O)(=O)CCOCCNc1nc(F)nc(Nc2ccc(N=Nc3cc4c(S(=O)(=O)O)cc(S(=O)(=O)O)cc4cc3S(=O)(=O)O)c(NC(N)=O)c2)n1,0.5894736842105263,NC(=O)Nc1cc(Nc2nc(Cl)nc(Nc3cccc(S(=O)(=O)CCOS(=O)(=O)O)c3)n2)ccc1N=Nc1cc2c(S(=O)(=O)O)cc(S(=O)(=O)O)cc2cc1S(=O)(=O)O
CC(=NNc1nc(C)cc(C)n1)c1ccccc1C,0.35,COC(=O)c1ccccc1C
CC(=O)/C(=N/Nc1cc(S(N)(=O)=O)ccc1O)C(=O)Nc1ccccc1,0.41304347826086957,CC(=O)C(=O)Nc1ccccc1
CC(=O)C(N=Nc1ccc(C(=O)Nc2ccc(C(N)=O)cc2)cc1)C(=O)Nc1ccc2[nH]c(=O)[nH]c2c1,0.4166666666666667,CC(=O)CC(=O)Nc1ccc2[nH]c(=O)[nH]c2c1
CC(=O)C(N=Nc1ccc(C)cc1[N+](=O)[O-])C(=O)Nc1ccc(Cl)cc1,0.6071428571428571,CC(=O)C(N=Nc1ccc(-c2ccc(N=NC(C(C)=O)C(=O)Nc3ccc(C)cc3)c(Cl)c2)cc1Cl)C(=O)Nc1ccc(C)cc1
CC(=O)C(N=Nc1ccc(C)cc1[N+](=O)[O-])C(=O)Nc1ccccc1,0.5818181818181818,CC(=O)C(N=Nc1ccc(-c2ccc(N=NC(C(C)=O)C(=O)Nc3ccccc3)c(Cl)c2)cc1Cl)C(=O)Nc1ccccc1
CC(=O)C(N=Nc1ccc(Cl)cc1[N+](=O)[O-])C(=O)Nc1ccc2[nH]c(=O)[nH]c2c1,0.44776119402985076,CC(=O)C(N=Nc1ccc(-c2ccc(N=NC(C(C)=O)C(=O)Nc3ccc(C)cc3)c(Cl)c2)cc1Cl)C(=O)Nc1ccc(C)cc1
CC(=O)C(N=Nc1ccc(Cl)cc1[N+](=O)[O-])C(=O)Nc1ccccc1Cl,0.55,CC(=O)C(N=Nc1ccc(-c2ccc(N=NC(C(C)=O)C(=O)Nc3ccccc3C)c(Cl)c2)cc1Cl)C(=O)Nc1ccccc1C
CC(=O)C(N=Nc1ccc(S(=O)(=O)O)cc1[N+](=O)[O-])C(=O)Nc1ccccc1,0.5517241379310345,CC(=O)C(N=Nc1ccc(-c2ccc(N=NC(C(C)=O)C(=O)Nc3ccccc3)c(Cl)c2)cc1Cl)C(=O)Nc1ccccc1
CC(=O)C(N=Nc1ccc(S(=O)(=O)O)cc1[N+](=O)[O-])C(=O)Nc1ccccc1Cl,0.515625,CC(=O)C(N=Nc1ccc(-c2ccc(N=NC(C(C)=O)C(=O)Nc3ccccc3C)c(Cl)c2)cc1Cl)C(=O)Nc1ccccc1C
CC(=O)C(N=Nc1ccc([N+](=O)[O-])cc1)C(=O)Nc1ccc2[nH]c(=O)[nH]c2c1,0.4423076923076923,O=c1[nH]c2ccc([N+](=O)[O-])cc2[nH]1
CC(=O)C(N=Nc1ccccc1C(=O)O)C(=O)Nc1ccc2[nH]c(=O)[nH]c2c1,0.47540983606557374,CC(=O)C(N=Nc1ccc(-c2ccc(N=NC(C(C)=O)C(=O)Nc3ccccc3)c(Cl)c2)cc1Cl)C(=O)Nc1ccccc1
CC(=O)C(N=Nc1ccccc1C(F)(F)F)C(=O)Nc1ccc2[nH]c(=O)[nH]c2c1,0.4375,CC(=O)C(N=Nc1ccc(-c2ccc(N=NC(C(C)=O)C(=O)Nc3ccccc3)c(Cl)c2)cc1Cl)C(=O)Nc1ccccc1
CC(=O)C1(C)CCC2C3C=C(C)C4=CC(=O)CCC4(C)C3CCC21C,0.4406779661016949,CC(=O)C1(O)CCC2C3CCC4=CC(=O)CCC4(C)C3CCC21C
CC(=O)C1=C(C)C2CC3(C1)C(C)CCC3C2(C)C,0.28205128205128205,CC1CC1(C(=O)O)C(=O)O
CC(=O)CC(c1ccc(Cl)cc1)c1c(O)c2ccccc2oc1=O,0.7346938775510204,CC(=O)CC(c1ccc(Cl)cc1)c1c(O)oc2ccccc2c1=O
CC(=O)CC(c1ccccc1)c1c(O)c2ccccc2oc1=O,0.7045454545454546,CC(=O)CC(c1ccccc1)c1c(O)oc2ccccc2c1=O
CC(=O)CC1=NCCS1,0.2711864406779661,COC(=O)c1c(C(F)F)nc(C(F)(F)F)c(C2=NCCS2)c1CC(C)C
CC(=O)N(c1onc(C)c1C)S(=O)(=O)c1ccc(N)cc1,0.37777777777777777,CCN(CC)S(=O)(=O)c1ccc(N)cc1
CC(=O)N(c1onc(C)c1C)[S+]([O-])c1ccc(N)cc1,0.30434782608695654,CC(=O)Nc1ccc(N)cc1
CC(=O)N1CCN(C(=O)/C=C/c2ccc(Sc3ccc4[nH]ccc4c3)c(Cl)c2)CC1,0.6666666666666666,CC(=O)N1CCN(C(=O)/C=C/c2ccc(Sc3ccc4c(c3)OCCO4)c(Cl)c2)CC1
CC(=O)Nc1ccc(N/N=C2\C=C(C)C=CC2=O)cc1,0.4473684210526316,CC(=O)Nc1ccc(C)cc1
CC(=O)Nc1ccc(S(=O)(=O)Nc2ncccn2)cc1,0.627906976744186,CC(=O)Nc1ccc(S(=O)(=O)Nc2nccs2)cc1
CC(=O)Nc1ccncc1NS(=O)(=O)c1ccc([N+](=O)[O-])cc1,0.4666666666666667,CC(=O)Nc1ccc([N+](=O)[O-])cc1
CC(=O)OC1(C(C)=O)CCC2C3C=C(C)C4=CC(=O)CCC4(C)C3CCC21C,0.6206896551724138,CC(=O)OC1(C(C)=O)CCC2C3CCC4=CC(=O)CCC4(C)C3CCC21C
CC(=O)OC1(C)CCC23CC1C(C)(C)[C@@H]2CC[C@H]3C,0.3333333333333333,CC(=O)OC1C2(C)CCC(C2)C1(C)C
CC(=O)OC1C(C2COC(C)(C)O2)OC2OC(C)(C)OC21,0.27450980392156865,CC(=O)OCC1OC(OC(C)=O)C(OC(C)=O)C(OC(C)=O)C1OC(C)=O
CC(=O)OC1C2C(CC(C)C3C=CC(=O)C31C)OC(=O)C2C,0.25862068965517243,CC(=O)OC1CC2CCC1(C)C2(C)C
CC(=O)OC1CC2CC1C1CCCC21,0.4411764705882353,CC(=O)OC1CCCCC1C
CC(=O)OC1CCC2CCCCC2C1,0.5714285714285714,CC(=O)OC1CCCCC1
CC(=O)OC1c2ccccc2N(C(N)=O)c2ccccc2C1OC(C)=O,0.3157894736842105,CC(=O)Oc1ccccc1
CC(=O)OCC1=C(C(=O)O)N2C(=O)C(NC(=O)Cc3cccs3)C2SC1,0.4166666666666667,CC1=C(C(=O)O)N2C(=O)C(NC(=O)C(N)c3ccccc3)C2SC1
CC(=O)OCC1=C(C(=O)O)N2C(=O)[C@@H](NC(=O)Cc3cccs3)[C@H]2SC1,0.4166666666666667,CC1=C(C(=O)O)N2C(=O)C(NC(=O)C(N)c3ccccc3)C2SC1
CC(=O)OCCN(CCC#N)c1ccc(N=Nc2nc3ccc([N+](=O)[O-])cc3s2)cc1,0.7301587301587301,CC(=O)OCCN(CCC#N)c1ccc(N=Nc2ccc([N+](=O)[O-])cc2)cc1
CC(=O)OCCN(CCOC(C)=O)c1ccc(N=Nc2sc([N+](=O)[O-])cc2[N+](=O)[O-])cc1,0.5737704918032787,CC(=O)OCCN(CCC#N)c1ccc(N=Nc2ccc([N+](=O)[O-])cc2)cc1
CC(=O)OC[C@H]1O[C@@](COC(C)=O)(O[C@H]2O[C@H](COC(C)=O)[C@@H](OC(C)=O)[C@H](OC(C)=O)[C@H]2OC(C)=O)[C@@H](OC(C)=O)[C@@H]1OC(C)=O,0.6,CC(=O)OCC1OC(OC(C)=O)C(OC(C)=O)C(OC(C)=O)C1OC(C)=O
CC(=O)OC[C@H]1O[C@H](O[C@]2(COC(C)=O)O[C@H](COC(=O)C(C)C)[C@@H](OC(=O)C(C)C)[C@@H]2OC(=O)C(C)C)[C@H](OC(=O)C(C)C)[C@@H](OC(=O)C(C)C)[C@@H]1OC(=O)C(C)C,0.4716981132075472,CC(=O)OCC1OC(OC(C)=O)C(OC(C)=O)C(OC(C)=O)C1OC(C)=O
CC(=O)OCn1cc2c(=O)n(COC(C)=O)cnc2n1,0.46938775510204084,CC(=O)OCn1cnc2c1c(=O)n(C)c(=O)n2C
CC(=O)O[C@@H]1[C@H]2OC(C)(C)O[C@H]2O[C@@H]1[C@H]1COC(C)(C)O1,0.27450980392156865,CC(=O)OCC1OC(OC(C)=O)C(OC(C)=O)C(OC(C)=O)C1OC(C)=O
CC(=O)O[C@]1(C(C)=O)CC[C@H]2[C@@H]3C=C(C)C4=CC(=O)CC[C@]4(C)[C@H]3CC[C@@]21C,0.6206896551724138,CC(=O)OC1(C(C)=O)CCC2C3CCC4=CC(=O)CCC4(C)C3CCC21C
CC(=O)Oc1c(C)c(C)c2c(c1C)CC[C@@](C)(CCC[C@H](C)CCC[C@H](C)CCCC(C)C)O2,0.32075471698113206,CC(=O)CCCC(C)CCCC(C)C
CC(=O)Oc1ccc(C(C)(C)CC(C)(C)C)cc1C1C(=O)Oc2ccc(C(C)(C)CC(C)(C)C)cc21,0.559322033898305,CC(C)(C)c1ccc(OC(=O)c2cc(C(C)(C)C)c(O)c(C(C)(C)C)c2)c(C2C(=O)Oc3ccc(C(C)(C)C)cc32)c1
CC(=O)Oc1ccc2c(c1)CC(=O)N2,0.4358974358974359,CC(=O)Oc1ccc2ccccc2c1
CC(=O)c1cc(C(C)(C)C)cc2c1CCC2(C)C,0.3488372093023256,CC(C)(C)c1cc(C(=O)O)c(O)c(C(C)(C)C)c1
CC(=O)c1cc2c(cc1C)C(C)(C)C(C)CC2(C)C,0.27450980392156865,CC(=O)/C=C/[C@H]1C(C)=CC[C@@H](C)C1(C)C
CC(=O)c1cc2ccccc2o1,0.42424242424242425,CC(=O)c1ccc2ccccc2c1
CC(=O)c1ccc(S(=O)(=O)NC(=O)NC2CCCCC2)cc1,0.4375,Cc1ccc(S(=O)(=O)NC(=O)NN2CCCCCC2)cc1
CC(C(=O)O)c1ccc2c(c1)[nH]c1ccc(Cl)cc12,0.3829787234042553,COc1ccc2cc(C(C)C(=O)O)ccc2c1
CC(C)(C)C(=O)C1C(=O)c2ccccc2C1=O,0.358974358974359,CCC(C)(C(=O)O)N1C(=O)c2ccccc2C1=O
CC(C)(C)C(=O)OCn1cc2c(=O)[nH]cnc2n1,0.58,CC(C)(C)C(=O)OCn1ncc2c(=O)[nH]cnc21
CC(C)(C)C(=O)OCn1cc2c(=O)n(COC(=O)C(C)(C)C)cnc2n1,0.58,CC(C)(C)C(=O)OCn1cnc2c(cnn2COC(=O)C(C)(C)C)c1=O
CC(C)(C)C(O)(CCc1ccc(Cl)cc1)Cn1cncn1,0.5,CCCCC(O)(Cn1cncn1)c1ccc(Cl)cc1Cl
CC(C)(C)C(O)/C(=C\c1ccc(Cl)cc1)n1cncn1,0.4339622641509434,CC(C)(C)C(O)C(Cc1ccc(Cl)cc1)n1cncn1
CC(C)(C)C(O)/C(=C\c1ccc(Cl)cc1Cl)n1cncn1,0.4482758620689655,CC(C)(C)C(O)C(Cc1ccc(Cl)cc1Cl)n1cncn1
CC(C)(C)C1CCC(CC2=C(O)C(=O)c3ccccc3C2=O)CC1,0.34146341463414637,O=C1c2ccccc2C(=O)c2c(O)ccc(O)c21
CC(C)(C)N(CC(=O)c1ccc(O)c(CO)c1)Cc1ccccc1,0.34782608695652173,Cc1ccc(O)c(CO)c1
CC(C)(C)N(NC(=O)c1ccc(Cl)cc1)C(=O)c1ccccc1,0.4473684210526316,CN(C)C(=O)c1ccc(Cl)cc1
CC(C)(C)NC(=O)C1N(C(=O)C(O)C(Cc2ccccc2)NC(=O)Cc2ccccc2)CSC1(C)C,0.828125,CC(C)(C)NC(=O)C1N(C(=O)C(O)C(Cc2ccccc2)NC(=O)COc2ccccc2)CSC1(C)C
CC(C)(C)NC(=O)[C@@H]1C[C@@H]2CCCC[C@H]2CN1,0.47368421052631576,O=C(O)[C@@H]1C[C@@H](C2CCCCC2)CN1
CC(C)(C)NCC(O)COc1cccc2c1CC(O)C(O)C2,0.38461538461538464,CCN(CC)C(=O)Nc1ccc(OCC(O)CNC(C)(C)C)c(C(C)=O)c1
CC(C)(C)NCC(O)COc1cccc2c1C[C@H](O)[C@H](O)C2,0.38461538461538464,CCN(CC)C(=O)Nc1ccc(OCC(O)CNC(C)(C)C)c(C(C)=O)c1
CC(C)(C)NCC(O)COc1ccccc1C1CCCC1,0.41509433962264153,CC(C)NCC(O)COc1cccc2ccccc12
CC(C)(C)NC[C@@H](O)COc1ccccc1C1CCCC1,0.41509433962264153,CC(C)NCC(O)COc1cccc2ccccc12
CC(C)(C)[C@H](O)/C(=C\c1ccc(Cl)cc1)n1cncn1,0.4339622641509434,CC(C)(C)C(O)C(Cc1ccc(Cl)cc1)n1cncn1
CC(C)(C)c1cc(CCC(=O)OCC(COC(=O)CCc2cc(C(C)(C)C)c(O)c(C(C)(C)C)c2)(COC(=O)CCc2cc(C(C)(C)C)c(O)c(C(C)(C)C)c2)COC(=O)CCc2cc(C(C)(C)C)c(O)c(C(C)(C)C)c2)cc(C(C)(C)C)c1O,0.7428571428571429,COC(=O)CCc1cc(C(C)(C)C)c(O)c(C(C)(C)C)c1
CC(C)(C)c1cc(Cn2c(=O)n(Cc3cc(C(C)(C)C)c(O)c(C(C)(C)C)c3)c(=O)n(Cc3cc(C(C)(C)C)c(O)c(C(C)(C)C)c3)c2=O)cc(C(C)(C)C)c1O,0.5862068965517241,CC(C)(C)c1cc(Cc2cc(C(C)(C)C)c(O)c(C(C)(C)C)c2)cc(C(C)(C)C)c1O
CC(C)(C)c1ccc(C(O)CCCN2CCC(C(O)(c3ccccc3)c3ccccc3)CC2)cc1,0.3684210526315789,OC(CCN1CCCC1)(c1ccccc1)C1CCCCC1
CC(C)(C)c1ccc(CCOc2ncnc3ccccc23)cc1,0.38636363636363635,CC(C)(C)c1ccc(CCC=O)cc1
CC(C)(C)c1ccc(CSc2cnn(C(C)(C)C)c(=O)c2Cl)cc1,0.30612244897959184,CC(C)(C)c1ccc(CCC=O)cc1
CC(C)(C)c1ccc(OCC2CO2)cc1,0.38461538461538464,CC(C)(C)c1ccc(OP(=O)(Oc2ccccc2)Oc2ccccc2)cc1
CC(C)(C)c1ccc(S(=O)(=O)Nc2ccc3cc(S(=O)(=O)c4cc5c(c(S(=O)(=O)O)c4N)Oc4c(Cl)c6c(c(Cl)c4=N5)Oc4c(ccc(N)c4S(=O)(=O)O)N=6)ccc3c2)cc1,0.37362637362637363,O=S(=O)(O)c1ccc(Nc2nc(Cl)nc(NCCNc3ccc4c(c3S(=O)(=O)O)Oc3c(Cl)c5c(c(Cl)c3=N4)Oc3c(ccc(NCCNc4nc(Cl)nc(Nc6ccc(S(=O)(=O)O)cc6S(=O)(=O)O)n4)c3S(=O)(=O)O)N=5)n2)c(S(=O)(=O)O)c1
CC(C)(C1CCC(O)CC1)C1CCC(O)CC1,0.6842105263157895,CC(C)(C)C1CCC(O)CC1
CC(C)(c1cc(Br)c(OCC2CO2)c(Br)c1)c1cc(Br)c(OCC2CO2)c(Br)c1,0.5128205128205128,CC(Br)(CBr)COc1c(Br)cc(C(C)(C)c2cc(Br)c(OCC(C)(Br)CBr)c(Br)c2)cc1Br
CC(C)(c1ccc(OCC2CO2)cc1)c1ccc(OCC2CO2)cc1,0.4857142857142857,CC(C)(c1ccc(OCCO)cc1)c1ccc(OCCO)cc1
CC(C)(c1ccc(Oc2ccc(N)cc2)cc1)c1ccc(Oc2ccc(N)cc2)cc1,0.4666666666666667,CC(C)(c1ccc(OC#N)cc1)c1ccc(OC#N)cc1
CC(C)=CC1C(C(=O)OCN2C(=O)C3=C(CCCC3)C2=O)C1(C)C,0.5614035087719298,C#CCN1CC(=O)N(COC(=O)C2C(C=C(C)C)C2(C)C)C1=O
CC(C)=C[C@@H]1[C@@H](C(=O)OCN2C(=O)C3=C(CCCC3)C2=O)C1(C)C,0.5614035087719298,C#CCN1CC(=O)N(COC(=O)C2C(C=C(C)C)C2(C)C)C1=O
CC(C)=NNC(=O)NC1c2ccccc2Oc2ccccc21,0.3469387755102041,CC(C)=NNC(=O)Nc1ccc([N+](=O)[O-])cc1
CC(C)C(C(=O)O)N1CCCNC1=O,0.25806451612903225,CC(C)C(=O)O
CC(C)C(NS(=O)(=O)c1ccc(F)cc1)C(=O)NC1CCOC1O,0.27586206896551724,CC(C)N(C(=O)CO)c1ccc(F)cc1
CC(C)C(Nc1ccc(C(F)(F)F)cc1Cl)C(=O)OC(C#N)c1cccc(Oc2ccccc2)c1,0.4852941176470588,CC1(C)C(C(=O)OC(C#N)c2cccc(Oc3ccccc3)c2)C1(C)C
CC(C)C1(NC(=O)C2CC3c4cccc5[nH]cc(c45)CC3N(C)C2)OC2(O)C3CCCN3C(=O)C(Cc3ccccc3)N2C1=O,0.312,CCC(C)C1NC(=O)C(Cc2c[nH]c3ccccc23)NC(=O)C2CCCN2C(=O)C(Cc2ccccc2)N(C)C(=O)C2CNCCN2C(=O)C2CCCCN2C1=O
CC(C)C1(O)CCN2CC3c4ccccc4CCc4cccc(c43)C2C1,0.26865671641791045,O=c1c(C2CCCc3ccccc32)c(O)oc2ccccc12
CC(C)C1=CC2=CCC3C(C)(C(=O)O)CCCC3(C)C2CC1,0.2545454545454545,CC1(C(=O)O)CCCC=C1C(=O)O
CC(C)C1=CC2=CC[C@@H]3[C@](C)(CCC[C@@]3(C)C(=O)O)[C@H]2CC1,0.2545454545454545,CC1(C(=O)O)CCCC=C1C(=O)O
CC(C)CC(NC(=O)CC(O)C(CC(C)C)NC(=O)C(Cc1c[nH]cn1)NC(=O)C(Cc1ccccc1)NC(=O)OC(C)(C)C)C(=O)NC(C(=O)O)c1ccccc1,0.65625,CC(C)CC(NC(=O)CC(O)C(CC1CCCCC1)NC(=O)C(Cc1c[nH]cn1)NC(=O)C(Cc1ccccc1)NC(=O)OC(C)(C)C)C(=O)NCc1cccc(CN)c1
CC(C)CC(NC(=O)CC(O)C(CC(C)C)NC(=O)C(Cc1c[nH]cn1)NC(=O)C(Cc1ccccc1)NC(=O)OC(C)(C)C)C(=O)NC(Cc1cccc(CN)c1)C(=O)O,0.7419354838709677,CC(C)CC(NC(=O)CC(O)C(CC1CCCCC1)NC(=O)C(Cc1c[nH]cn1)NC(=O)C(Cc1ccccc1)NC(=O)OC(C)(C)C)C(=O)NCc1cccc(CN)c1
CC(C)CC(NC(=O)CC(O)C(CC(C)C)NC(=O)C(Cc1c[nH]cn1)NC(=O)C(Cc1ccccc1)NC(=O)OC(C)(C)C)C(=O)NCCC(N)C(=O)O,0.6565656565656566,CC(C)CC(NC(=O)CC(O)C(CC1CCCCC1)NC(=O)C(Cc1c[nH]cn1)NC(=O)C(Cc1ccccc1)NC(=O)OC(C)(C)C)C(=O)NCc1cccc(CN)c1
CC(C)CC(NC(=O)CC(O)C(CC(C)C)NC(=O)C(Cc1c[nH]cn1)NC(=O)C(Cc1ccccc1)NC(=O)OC(C)(C)C)C(=O)NCCCN(CCO)CCO,0.6274509803921569,CC(C)CC(NC(=O)CC(O)C(CC1CCCCC1)NC(=O)C(Cc1c[nH]cn1)NC(=O)C(Cc1ccccc1)NC(=O)OC(C)(C)C)C(=O)NCc1cccc(CN)c1
CC(C)CC(NC(=O)CC(O)C(CC(C)C)NC(=O)C(Cc1c[nH]cn1)NC(=O)C(Cc1ccccc1)NC(=O)OC(C)(C)C)C(=O)NCc1cccc(CN)c1,0.8426966292134831,CC(C)CC(NC(=O)CC(O)C(CC1CCCCC1)NC(=O)C(Cc1c[nH]cn1)NC(=O)C(Cc1ccccc1)NC(=O)OC(C)(C)C)C(=O)NCc1cccc(CN)c1
CC(C)CC(NC(=O)CC(O)C(CC(C)C)NC(=O)C(Cc1c[nH]cn1)NC(=O)C(Cc1ccccc1)NC(=O)OC(C)(C)C)C(=O)NCc1ccccn1,0.6875,CC(C)CC(NC(=O)CC(O)C(CC1CCCCC1)NC(=O)C(Cc1c[nH]cn1)NC(=O)C(Cc1ccccc1)NC(=O)OC(C)(C)C)C(=O)NCc1cccc(CN)c1
CC(C)CC(NC(=S)Nc1ccccc1)C(=O)NC1CCOC1O,0.32786885245901637,CC1CCCCC1NC(=O)Nc1ccccc1
CC(C)N(C(=O)COc1nnc(C(F)(F)F)s1)c1ccc(F)cc1,0.4897959183673469,CC(C)N(C(=O)CO)c1ccc(F)cc1
CC(C)N(c1n[n+](C)c(N=Nc2ccc(N(C)C)cc2)s1)C(C)C,0.40476190476190477,CN(C)c1ccc(N=Nc2ccccc2)cc1
CC(C)N1C(=O)c2ccccc2NS1(=O)=O,0.3125,O=C1c2ccccc2C(=O)c2ccccc21
CC(C)OC(=O)C(C(=O)OC(C)C)=C1SCCS1,0.35714285714285715,CC(=O)OC(C)C
CC(C)Oc1ccc(C(=O)NS(=O)(=O)c2ccc(N)cc2)cc1,0.5238095238095238,COC(=O)NS(=O)(=O)c1ccc(N)cc1
CC(C)c1cc(OP(=O)(Oc2ccccc2)Oc2ccccc2)cc(-c2ccccc2)c1,0.5277777777777778,CC(C)c1ccc(OP(=O)(Oc2ccc(C(C)C)cc2)Oc2ccc(C(C)C)cc2)cc1
CC(C)c1ccc2c(c1)CC[C@H]1[C@](C)(C(=O)O)CCC[C@]21C,0.2857142857142857,CC(C)c1ccc(C(=O)O)cc1
CC(C)c1nn(C(=O)NC(C)(C)C)c(=O)n1N,0.2972972972972973,CC(C)(C)NC(N)=O
CC(CN(C)C)CN1c2ccccc2CCc2ccccc21,0.4897959183673469,COc1ccc2c(c1)N(CC(C)CN(C)C)c1ccccc1S2
CC(CN/C=C1/C=CC=CC1=O)N/C=C1/C=CC=CC1=O,0.3333333333333333,O=C1C=CC=C/C1=C/NNC(=O)c1ccncc1
CC(Cc1ccc(C(C)(C)C)cc1)CN1CC(C)OC(C)C1,0.4090909090909091,CC(C=O)Cc1ccc(C(C)(C)C)cc1
CC(Cc1ccc(C(C)(C)C)cc1)CN1C[C@@H](C)O[C@@H](C)C1,0.4090909090909091,CC(C=O)Cc1ccc(C(C)(C)C)cc1
CC(Cc1cccc(CC(C)c2ccc(O)cc2)c1)c1ccc(O)cc1,0.5333333333333333,CCC(C)c1ccc(O)cc1
CC(O)C1C(=O)N2C(C(=O)O)=C(SCC(=N)N(C)C)C(C)C12,0.21348314606741572,Cn1nnnc1SCC1=C(C(=O)O)N2C(=O)C(NC(=O)C(O)c3ccccc3)C2SC1
CC(Oc1ccc(Oc2cnc3cc(Cl)ccc3n2)cc1)C(=O)OC1CCCO1,0.7575757575757576,CC(Oc1ccc(Oc2cnc3cc(Cl)ccc3n2)cc1)C(=O)OCC1CCCO1
CC(c1ccc(O)cc1)(c1ccc(O)cc1)c1ccc(O)cc1,0.5652173913043478,CC(C)(c1ccccc1)c1ccc(O)cc1
CC/C(=C(\c1ccccc1)c1ccc(OCCN(C)C)cc1)c1ccccc1,0.41025641025641024,CCCCOc1ccccc1
CC1(C)C2CCC3(C2)C1C(=O)CCC3(C)C,0.34210526315789475,CC1(C)C(=O)[C@@]2(C)CC[C@@H]1C2
CC1(C)CC/C(=C\c2ccc(Cl)cc2)C1=O,0.35294117647058826,O=Cc1ccc(Cl)cc1
CC1(C)CC2(CC(C)(C)N1)OC1(CCCCCCCCCCC1)NC2=O,0.2972972972972973,O=C1NC(=O)C2(CCCCC2)C(=O)N1
CC1(C)CCC2OC23C(C)(C)C2CCC13C2,0.2926829268292683,CC1(C)C2CCC1(C)C(N)(C(=O)O)C2
CC1(C)COC(=O)C2CC=CCC2C(=O)OC1,0.41379310344827586,O=C1NC(=O)C2CC=CCC12
CC1(C)CON(Cc2ccccc2Cl)C1=O,0.34210526315789475,ClCc1ccccc1Cl
CC1(C)Cc2cccc([N+](=O)[O-])c2O1,0.42857142857142855,Cc1c([N+](=O)[O-])cccc1[N+](=O)[O-]
CC1(C)NC(=O)N(Cc2ccccc2)C1=O,0.4,O=C1NC(c2ccccc2)(c2ccccc2)C(=O)N1CO
CC1(C)Nc2cccc3cccc(c23)N1,0.38461538461538464,Nc1cccc2cccc(N)c12
CC1(C)OC(=O)c2cc3ccccc3cc21,0.6,CC1(C)OC(=O)c2ccccc21
CC1(C)OC(c2ccco2)CN1C(=O)C(Cl)Cl,0.32142857142857145,CC1COc2ccccc2N1C(=O)C(Cl)Cl
CC1(c2ccccc2)C(=O)NC(=O)NC1=O,0.5172413793103449,O=C1NC(=O)C(c2ccccc2)(c2ccccc2)N1
CC12CC(O)C3C(CCC4CC(O)CCC43C)C1CCC2=O,0.41818181818181815,CC12CCC3C(CC=C4CC(O)CCC43C)C1CCC2=O
CC12CC(O)C3C(CCC4C[C@@H](O)CCC43C)C1CCC2=O,0.41818181818181815,CC12CCC3C(CC=C4CC(O)CCC43C)C1CCC2=O
CC12CCC(=O)C=C1C=CC1C2CCC2(C)C1CCC2(O)CCC(=O)O,0.3870967741935484,CC12CCC(=O)C=C1CCC1C2CCC2(C)C1CCC2(C)O
CC12CCC(=O)C=C1C=CC1C2CCC2(C)C1CCC21CCC(=O)O1,0.3728813559322034,CC12CCC(=O)C=C1CCC1C2CCC2(C)C1CCC2(C)O
CC12CCC(=O)C=C1CCC1C2CCC2(C)C(OC(=O)CCc3ccccc3)CCC12,0.9,CC12CCC(=O)C=C1CCC1C2CCC2(C)C(OC(=O)CCCc3ccccc3)CCC12
CC12CCC(=O)C=C1CCC1C2CCC2(C)C(OC(=O)Cc3ccccc3)CCC12,0.8064516129032258,CC12CCC(=O)C=C1CCC1C2CCC2(C)C(OC(=O)CCCc3ccccc3)CCC12
CC12CCC3C(=CCc4cc(O)ccc43)C1CCC2O,0.6274509803921569,CC12CCC3C(=CCc4cc(O)ccc43)C1CCC2=O
CC12CCC3C(CCC4C(C)(C)CCCC43C)(CO1)O2,0.5,CC1(C)CCCC2(C)C1CCC1(C)OCCC12
CC12CCC3C(CCC4CC(O)CCC43C)C1CCC2=O,0.5102040816326531,CC12CCC3C(CC=C4CC(O)CCC43C)C1CCC2=O
CC12CCC3C(CCC4CCCCC43C)C1CCC2=O,0.42,CC12CCC3C(CC=C4CC(O)CCC43C)C1CCC2=O
CC12CCCC(C)(CC1)C2=NO,0.2857142857142857,CC12CCC(C(=NO)C1=NO)C2(C)C
CC12CCc3c(ccc4cc(O)ccc34)C1CCC2O,0.43636363636363634,CC12CCC3c4ccc(O)cc4CCC3C1CCC2O
CC1=C(C(=O)Nc2ccccc2)CCCO1,0.5581395348837209,CC1=C(C(=O)Nc2ccccc2)SCCO1
CC1=C(C(=O)Nc2ccccc2)S(=O)(=O)CCO1,0.5333333333333333,CC1=C(C(=O)Nc2ccccc2)SCCO1
CC1=C(C(=O)O)N2C(=O)C(NC(=O)C(N)C3=CCC=CC3)C2SC1,0.6779661016949152,CC1=C(C(=O)O)N2C(=O)C(NC(=O)C(N)c3ccccc3)C2SC1
CC1=C(C)S(=O)(=O)CCS1(=O)=O,0.20689655172413793,CC1=CS(=O)(=O)c2ccccc21
CC1=C(CC(=O)O)c2cc(F)ccc2/C1=C/c1ccc([S+](C)[O-])cc1,0.265625,C[S+]([O-])c1ccc2oc3ccc(C(=O)O)cc3c(=O)c2c1
CC1=C(CC(=O)O)c2cc(F)ccc2/C1=C\c1ccc([S+](C)[O-])cc1,0.265625,C[S+]([O-])c1ccc2oc3ccc(C(=O)O)cc3c(=O)c2c1
CC1=C(CCC(=O)O)C(=O)NC1=O,0.34545454545454546,C=CC1=C(C)/C(=C/c2[nH]c(Cc3[nH]c(/C=C4\NC(=O)C(C)=C4C=C)c(C)c3CCC(=O)O)c(CCC(=O)O)c2C)NC1=O
CC1=C(O)C(=O)C(C)O1,0.25806451612903225,CC[C@@H]1C(=O)O[C@H]1C
CC1=C/C(=N\Nc2ccccc2[N+](=O)[O-])C(=O)C=C1,0.5490196078431373,O=C(O)C1=CC(=NNc2ccccc2[N+](=O)[O-])C=CC1=O
CC1=CC(=C(c2ccc(N)c(S(=O)(=O)O)c2)c2ccc(N)c(S(=O)(=O)O)c2)C=C(S(=O)(=O)O)C1=N,0.46511627906976744,Cc1ccc(N)c(S(=O)(=O)O)c1
CC1=CC(=C(c2ccc(N)cc2)c2ccc(N)cc2)C=CC1=N,0.34285714285714286,CC(=O)c1ccc(N)cc1
CC1=CC(=O)N(Cc2cccc(CN3C(=O)C=C(C)C3=O)c2)C1=O,0.34375,CCc1cccc(CC)c1
CC1=CC(C)(C)Nc2ccccc21,0.3,O=C1NC(=O)c2ccccc21
CC1=CCC(=O)O1,0.2727272727272727,O=C1CCO1
CC1=CCC2C(C1)C2(C)C,0.34375,CC1=CCC2CC1C2(C)C
CC1=CCCC2(C)C(OC=O)C(C)CCC12C,0.3,C/C=C/C(=O)C1C(C)=CCCC1(C)C
CC1=NN(c2cc(Cl)c(S(=O)(=O)O)cc2Cl)C(=O)C1N=Nc1cccc(S(=O)(=O)NCCc2ccccc2)c1,0.32,O=S(=O)(O)c1cccc(N=Nc2ccc(Nc3ccccc3)cc2)c1
CC1=NN(c2cc(S(=O)(=O)O)ccc2Cl)C(=O)C1N=Nc1cc(Cl)ccc1Oc1ccccc1Cl,0.3387096774193548,Clc1ccc(Oc2ccccc2Cl)c(Cl)c1
CC1=NN(c2ccc(C)cc2)C(=O)C1N=Nc1ccc(-c2ccc(N=NC3C(=O)N(c4ccc(C)cc4)N=C3C)c(Cl)c2)cc1Cl,0.4,CC(=O)C(N=Nc1ccc(-c2ccc(N=NC(C(C)=O)C(=O)Nc3ccc(C)cc3)c(Cl)c2)cc1Cl)C(=O)Nc1ccc(C)cc1
CC1=NN(c2ccc(S(=O)(=O)O)cc2)C(=O)C1N/N=C1\C=C([N+](=O)[O-])C=C(Cl)C1=O,0.359375,CC1=NN(c2ccc(S(=O)(=O)O)cc2)C(=O)C1
CC1=NN(c2ccc(S(=O)(=O)O)cc2)C(=O)C1N=Nc1ccc(C)c(S(=O)(=O)Nc2ccccc2)c1,0.3484848484848485,CC1=NN(c2ccc(S(=O)(=O)O)cc2)C(=O)C1
CC1=NN(c2ccccc2)C(=N)/C1=N/Nc1cc(Cl)c(S(=O)(=O)O)cc1Cl,0.55,CC1=NN(c2ccccc2)C(=O)/C1=N/Nc1ccc(-c2ccc(N/N=C3/C(=O)N(c4ccccc4)N=C3C)c(Cl)c2)cc1Cl
CC1=NN(c2ccccc2)C(=O)/C1=C/C1C(=O)N(c2ccccc2)N=C1C,0.4,CC1=NN(c2ccccc2)C(=O)C1
CC1=NN(c2ccccc2)C(=O)C1N=Nc1ccc(-c2ccc(N=NC3C(=O)N(c4ccccc4)N=C3C)cc2S(=O)(=O)O)c(S(=O)(=O)O)c1,0.31746031746031744,CC1=NN(c2cccc(S(=O)(=O)O)c2)C(=O)C1
CC1C(C=O)CC2CC1C2(C)C,0.25,CC1(C)C2CC3OC3(C)C1C2
CC1C(c2ccc(Cl)cc2)SC(=O)N1C(=O)NC1CCCCC1,0.2631578947368421,CN(C)CCNC(=O)NC1CCCCC1
CC1C/C=C/C=C/C=C/C=C/C(OC2OC(C)C(O)C(N)C2O)CC2OC(O)(CC(O)CC3OC3/C=C/C(=O)O1)CC(O)C2C(=O)O,0.2,CC1OC(OC2C(O)CC(OC3C(O)CC(OC4CCC5(C)C(CCC6C5CC(O)C5(C)C(C7=CC(=O)OC7)CCC65O)C4)OC3C)OC2C)CC(O)C1O
CC1CC(CC2CCC(N)C(C)C2)CCC1N,0.25,CC1CCCCC1C
CC1CC(NC(N)=O)NC(=O)N1,0.40540540540540543,NC(=O)NC1NC(=O)NC1=O
CC1CC(OC(=O)c2ccccc2O)CC(C)(C)C1,0.5,C=C(C)C(=O)OC1CC(C)CC(C)(C)C1
CC1CC=CC=CC=CC=CC(OC2OC(C)C(O)C(N)C2O)CC2OC(O)(CC(O)CC3OC3C=CC(=O)O1)CC(O)C2C(=O)O,0.2,CC1OC(OC2C(O)CC(OC3C(O)CC(OC4CCC5(C)C(CCC6C5CC(O)C5(C)C(C7=CC(=O)OC7)CCC65O)C4)OC3C)OC2C)CC(O)C1O
CC1CCC2C(C)C(=O)OCC12,0.2857142857142857,CC(=O)C1CCOC1=O
CC1CCCC(C)N1C(=O)COC(=O)c1ccccc1,0.5853658536585366,O=C(OCC(=O)N1CCC1)c1ccccc1
CC1CN(S(=O)(=O)NC(=O)NCC2CC3C=CC2C3)CCO1,0.21052631578947367,COC(=O)C1C2C=CC(C2)C1C(=O)OC
CC1COC(=O)O1,0.35,CC1CO1
CC1COC(Cn2cncn2)(c2ccc(Oc3ccc(Cl)cc3)cc2Cl)O1,0.6779661016949152,CCC1COC(Cn2cncn2)(c2ccc(Cl)cc2Cl)O1
CC1OC(=O)C(C)OC1=O,0.391304347826087,CC[C@@H]1C(=O)O[C@H]1C
CC1OC(O[C@@H]2C=C3CC[C@@H]4[C@H](CC[C@]5(C)[C@@H](c6ccc(=O)oc6)CC[C@]45O)[C@@]3(C)CC2)C(O)C(O)C1O,0.33,CC1OC(OC2C(O)CC(OC3C(O)CC(OC4CCC5(C)C(CCC6C5CCC5(C)C(C7=CC(=O)OC7)CCC65O)C4)OC3C)OC2C)CC(O)C1O
CC1OC1C1OC1C,0.6,CC1OC1C
CC1OCC(c2ccccc2)O1,0.275,O=C1CC(C(=O)O)Cc2ccccc21
CC1c2nc3ccccc3c(=O)n2C(C)CN1C,0.627906976744186,CC1c2nc3ccccc3c(=O)n2CN1C
CC1c2nc3ccccc3c(=O)n2CN1Cc1ccccc1,0.75,CCCN1Cn2c(nc3ccccc3c2=O)C1C
CCC(=O)OCOC(=O)c1cn(CC)c2nc(C)ccc2c1=O,0.36363636363636365,CCn1cc(C(=O)O)c(=O)c2cnc(N3CCNCC3)nc21
CCC(C)C1NC(=O)C(Cc2c[nH]c3ccccc23)NC(=O)C2CCCN2C(=O)C(Cc2c[nH]cn2)NC(=O)C2CCCCN2C(=O)C2CCCCN2C1=O,0.6593406593406593,CCC(C)C1NC(=O)C(Cc2c[nH]c3ccccc23)NC(=O)C2CCCN2C(=O)C(Cc2ccccc2)N(C)C(=O)C2CNCCN2C(=O)C2CCCCN2C1=O
CCC(C)C1NC(=O)C(Cc2ccc3ccccc3c2)NC(=O)C2CCCN2C(=O)C(Cc2c[nH]cn2)NC(=O)C2CCCCN2C(=O)C2CCCCN2C1=O,0.49,CCC(C)C1NC(=O)C(Cc2c[nH]c3ccccc23)NC(=O)C2CCCN2C(=O)C(Cc2ccccc2)N(C)C(=O)C2CNCCN2C(=O)C2CCCCN2C1=O
CCC(C)C1NC(=O)C(Cc2ccccc2)NC(=O)C2CCCN2C(=O)C(Cc2ccccc2)N(C)C(=O)C(CCCN)NC(=O)C2CCC=NN2C1=O,0.5247524752475248,CCC(C)C1NC(=O)C(Cc2c[nH]c3ccccc23)NC(=O)C2CCCN2C(=O)C(Cc2ccccc2)N(C)C(=O)C2CNCCN2C(=O)C2CCCCN2C1=O
CCC(C)C1NC(=O)C(Cc2ccccc2)NC(=O)C2CCCN2C(=O)C(Cc2ccccc2)N(C)C(=O)C2CCC=NN2C(=O)C2CCC=NN2C1=O,0.5698924731182796,CCC(C)C1NC(=O)C(Cc2c[nH]c3ccccc23)NC(=O)C2CCCN2C(=O)C(Cc2ccccc2)N(C)C(=O)C2CNCCN2C(=O)C2CCCCN2C1=O
CCC(C)C1NC(=O)C(Cc2ccccc2)NC(=O)C2CCCN2C(=O)C(Cc2ccccc2)N(C)C(=O)C2CCCCN2C(=O)C2CCCCN2C1=O,0.725,CCC(C)C1NC(=O)C(Cc2c[nH]c3ccccc23)NC(=O)C2CCCN2C(=O)C(Cc2ccccc2)N(C)C(=O)C2CNCCN2C(=O)C2CCCCN2C1=O
CCC(C)n1ncn(-c2ccc(N3CCN(c4ccc(O)cc4)CC3)cc2)c1=O,0.30434782608695654,CCC(C)c1ccc(O)cc1
CCC1(C)Nc2cccc3cccc(c23)N1,0.3448275862068966,Nc1cccc2cccc(N)c12
CCC1(C2=CC3CCC(C2)C3)C(=O)NC(=O)NC1=O,0.4444444444444444,CCC1(C2=CCCCC2)C(=O)NC(=O)NC1=O
CCC1(C2=CCCCCC2)C(=O)NC(=O)NC1=O,0.967741935483871,CCC1(C2=CCCCC2)C(=O)NC(=O)NC1=O
CCC1(CC)C(=O)N(C)N(c2ccccc2)C1=O,0.41304347826086957,CCC1(CC)C(=O)N(c2ccccc2)N=C1OC(C)=O
CCC1(CC)C(=O)NC(=O)N=C1N,0.4642857142857143,CCC1(CC)C(=O)NC(=O)NC1=O
CCC1(c2ccccc2)C(=O)NC(=O)N(C)C1=O,0.4857142857142857,CCC1(CC)C(=O)NC(=O)N(C)C1=O
CCC1(c2ccccc2)C(=O)NC(=O)N(CC(O)CO)C1=O,0.37037037037037035,CCC1(c2ccccc2)CCC(=O)N(CO)C1=O
CCC1(c2ccccc2)C(=O)NC(=O)N(CO)C1=O,0.5263157894736842,CCC1(CC)C(=O)NC(=O)N(CO)C1=O
CCC1(c2ccccc2)C(=O)NC(=O)NC1=O,0.46875,O=C1NC(=O)C(c2ccccc2)(c2ccccc2)N1
CCC1CCCCN1C(=O)COC(=O)c1ccccc1,0.5957446808510638,O=C(OCC(=O)N1CCC1C(=O)O)c1ccccc1
CCCC(=O)OCOC(=O)c1cn(CC)c2nc(C)ccc2c1=O,0.3582089552238806,CCn1cc(C(=O)O)c(=O)c2cnc(N3CCNCC3)nc21
CCCC(=O)OCn1cc2c(=O)[nH]cnc2n1,0.5918367346938775,CCCC(=O)OCn1ncc2c(=O)[nH]cnc21
CCCC(=O)OCn1cc2c(=O)n(COC(=O)CCC)cnc2n1,0.5918367346938775,CCCC(=O)OCn1cnc2c(cnn2COC(=O)CCC)c1=O
CCCCC(=O)N(Cc1ccc(-c2ccccc2-c2nnn[nH]2)cc1)C(C(=O)O)C(C)C,0.71875,CCCCC(=O)N(Cc1ccc(-c2ccccc2-c2nn[nH]n2)cc1)[C@H](C(=O)O)C(C)C
CCCCC(CC)C1CCON1CCOC(=O)NCCCCCCNC(=O)OCCN1OCCC1C(CC)CCCC,0.3548387096774194,CCCCCCCCCCNC(=O)OCC1OC(O)C(O)C(O)C1O
CCCCC(CC)CNS(=O)(=O)c1ccc(N=Nc2c(C)c(C#N)c(=O)n(CCCC)c2O)cc1,0.45454545454545453,CCCCC(CC)CNS(=O)(=O)c1ccc(N)cc1
CCCCC(CC)COC(=O)C(C#N)=C(c1ccccc1)c1ccccc1,0.6304347826086957,CCCCC(CC)COC(=O)c1ccccc1
CCCCC1CCC(C2CCC(=O)CC2)CC1,0.41935483870967744,CCCCCC1CCCC1
CCCCCC/C=C/C1CC(=O)OC1=O,0.37142857142857144,CC/C=C/CCCCCCC
CCCCCC/C=C/CCCCCCCc1cccc(OCC2CO2)c1,0.40816326530612246,CCCCCCCCCCCCCCCc1cccc(O)c1
CCCCCC1CCC(c2ccc(CCC)cc2)CC1,0.4411764705882353,CCCCCC1CCCC1
CCCCCCCC(=O)OC1C(C(O)CO)OC2OC(C)(C)OC21,0.43636363636363634,CCCCCCCC(=O)OC1C(O)C(O)OC(CO)C1O
CCCCCCCC1N(CCO)C=CN1CCC(=O)O,0.4166666666666667,CCCCCCCCCCC(=O)O
CCCCCCCCC/C=C/CC1CC(=O)OC1=O,0.3888888888888889,CC/C=C/CCCCCCC
CCCCCCCCCCCCNc1nc(Cl)nc(Nc2ccc3c(O)c(N=Nc4ccc(N=Nc5ccc(S(=O)(=O)O)cc5)cc4)c(S(=O)(=O)O)cc3c2)n1,0.64,O=S(=O)(O)OCCS(=O)(=O)c1ccc(N=Nc2c(S(=O)(=O)O)cc3cc(Nc4nc(Cl)nc(Cl)n4)ccc3c2O)cc1
CCCCCCCCSc1nc(Nc2cc(C(C)(C)C)c(O)c(C(C)(C)C)c2)nc(SCCCCCCCC)n1,0.38596491228070173,CCCCCCCCCCCCCCCCCCNC(=O)CCc1cc(C(C)(C)C)c(O)c(C(C)(C)C)c1
CCCCCCCCn1sccc1=O,0.37209302325581395,CCCCCCCCCCCCN1CC(C(=O)O)CC1=O
CCCCN(CCCC)SN(C)C(=O)Oc1cccc2c1OC(C)(C)C2,0.31746031746031744,CNC(=O)Oc1cccc2c1OC(C)(C)O2
CCCCN(CCCC)c1ccc2c(c1)Oc1cc(C)c(Nc3ccccc3)cc1C21OC(=O)c2ccccc21,0.42857142857142855,O=C1OC2(c3ccc(O)cc3Oc3cc(O)ccc32)c2ccccc21
CCCCN(CCN(CCCC)C(=O)N1CCOCC1)C(=O)N1CCOCC1,0.4375,CCCCN(CCCC)C(=O)N(CCCC)CCCC
CCCCOC(=O)N(C)SN(C)C(=O)Oc1cccc2c1OC(C)(C)C2,0.3225806451612903,CCCCOC(=O)Oc1ccc(NC(C)=O)cc1
CCCCOC(=O)c1ccccc1N/N=C1\C(=O)C(C(=O)Nc2ccc3[nH]c(=O)[nH]c3c2)=Cc2ccccc21,0.4588235294117647,CCOc1ccccc1NC(=O)C1=Cc2ccccc2/C(=N\Nc2ccc(C(N)=O)cc2)C1=O
CCCCSC(=Nc1cccnc1)SCc1ccc(C(C)(C)C)cc1,0.3,CCCCOC(=O)c1cccnc1
CCCCc1c(C)[nH]c(N(C)C)nc1=O,0.3409090909090909,CCCCc1nc(C=O)c(Cl)[nH]1
CCCCc1c(C)[nH]c(NCC)nc1=O,0.3953488372093023,CCNc1nc(N(CC)CC)nc(=O)[nH]1
CCCN(CCC)Cc1cccc(C(=O)OCCOCn2cnc3c(=O)[nH]c(N)nc32)c1,0.34615384615384615,CC(=O)OCCOCn1cnc2cnc(N)nc21
CCCN(CCOc1c(Cl)cc(Cl)cc1Cl)C(=O)n1ccnc1,0.35714285714285715,CCCOCC(=Nc1ccc(Cl)cc1C(F)(F)F)n1ccnc1
CCCN1CC(C)n2c(nc3ccccc3c2=O)C1C,0.6666666666666666,CCCN1Cn2c(nc3ccccc3c2=O)C1C
CCCN1CCn2c(nc3ccccc3c2=O)C1C,0.7954545454545454,CCCN1Cn2c(nc3ccccc3c2=O)C1C
CCCOC(=O)Cn1cc(I)c(=O)c(I)c1,0.4117647058823529,CCCOC(=O)CC
CCCSP(=O)(OCC)Oc1cnn(-c2ccc(Cl)cc2)c1,0.4482758620689655,CCCSP(=O)(OCC)Oc1ccc(Br)cc1Cl
CCCc1c2c(c(O)c3c(=O)cc(C(=O)O)oc13)CCCC2,0.30434782608695654,O=C(O)c1cc(=O)cc(C(=O)O)o1
CCCc1c2c(cc3c(=O)cc(C(=O)O)oc13)CCCC2,0.30434782608695654,O=C(O)c1cc(=O)cc(C(=O)O)o1
CCCc1cc(=O)[nH]c(=S)[nH]1,0.30303030303030304,Cc1cc(=O)[nH]c(=O)[nH]1
CCCc1ncnc2c(O)cccc12,0.34375,Oc1cccc2c(O)cccc12
CCCn1c(=O)c2[nH]c(C34CC5CC(CC3C5)C4)nc2n(CCC)c1=O,0.5,CCCn1c(=O)c2[nH]c(C(C3CC3)C3CC3)nc2n(CCC)c1=O
CCCn1c(=O)c2[nH]c(C3CCC(=O)C3)nc2n(CCC)c1=O,0.5490196078431373,CCCn1c(=O)c2[nH]c(C(C3CC3)C3CC3)nc2n(CCC)c1=O
CCCn1c(=O)c2[nH]c(C3CCCC3)nc2n(CCC)c1=O,0.5957446808510638,CCCn1c(=O)c2[nH]c(C(C3CC3)C3CC3)nc2n(CCC)c1=O
CCN(CC)C(=O)COC(=O)c1cn(CC)c2nc(C)ccc2c1=O,0.43636363636363634,CCN(CC)C(=O)COC(=O)c1ccccc1O
CCN(CC)C(=O)Cn1cc(Br)c(=O)c(Br)c1,0.35294117647058826,CCN(CC)C(=O)CCl
CCN(CC)C(=O)Cn1cc(I)c(=O)c(I)c1,0.35294117647058826,CCN(CC)C(=O)CCl
CCN(CC)C(=O)n1cnc(S(=O)(=O)c2c(C)cc(C)cc2C)n1,0.2857142857142857,Cc1cc(C)c(N)c(S(=O)(=O)O)c1
CCN(CC)CCCNc1nc(Nc2ccc(N=Nc3c(S(=O)(=O)O)cc4cc(S(=O)(=O)O)cc(Nc5nc(NCC(C)N)nc(NCC(C)N)n5)c4c3O)cc2)nc(Nc2ccc(N=Nc3c(S(=O)(=O)O)cc4cc(S(=O)(=O)O)cc(Nc5nc(NCC(C)N)nc(NCC(C)N)n5)c4c3O)cc2)n1,0.4666666666666667,COc1cc(N=Nc2cc(S(=O)(=O)O)cc3cc(S(=O)(=O)O)cc(O)c23)c(C)cc1N=Nc1c(S(=O)(=O)O)cc2cc(S(=O)(=O)O)cc(Nc3nc(Nc4ccccc4)nc(Nc4ccc(N=Nc5ccc(O)c(C(=O)O)c5)cc4)n3)c2c1O
CCN(CC)c1ccc([C+](c2ccc(N(CC)CC)cc2)c2ccc(N(CC)CC)cc2)cc1,0.5416666666666666,CCN(CC)c1ccccc1
CCN(CC)c1ccc([C+](c2ccc(N(CC)CC)cc2)c2ccc(S(=O)(=O)O)cc2S(=O)(=O)[O-])cc1,0.6666666666666666,CCN(Cc1cccc(S(=O)(=O)O)c1)c1ccc([C+](c2ccc(N(CC)Cc3cccc(S(=O)(=O)O)c3)cc2)c2ccccc2S(=O)(=O)[O-])cc1
CCN(CCC(=O)OC)c1ccc(N=Nc2snc3ccc([N+](=O)[O-])cc23)cc1,0.5068493150684932,COC(=O)CCN(CCC(=O)OC)c1ccc(N=Nc2c(Cl)cc([N+](=O)[O-])cc2Br)cc1
CCN(c1cccc(S(=O)(=O)CCOS(=O)(=O)O)c1)c1nc(Cl)nc(Nc2ccc3c(c2)C=C(S(=O)(=O)O)/C(=N/Nc2ccc(OC)cc2S(=O)(=O)O)C3=O)n1,0.5377358490566038,CCN(c1ccccc1)c1nc(Cl)nc(Nc2cc(S(=O)(=O)O)cc3c2C(=O)/C(=N/Nc2ccc(C)cc2S(=O)(=O)O)C(S(=O)(=O)O)=C3)n1
CCN(c1ccccc1)c1nc(Cl)nc(Nc2cc(S(=O)(=O)O)cc3cc(S(=O)(=O)O)c(N=Nc4ccc5c(S(=O)(=O)O)cccc5c4S(=O)(=O)O)c(O)c23)n1,0.5142857142857142,Nc1c(N=Nc2cc(Nc3nc(Cl)nc(Nc4cccc(S(=O)(=O)CCOS(=O)(=O)O)c4)n3)ccc2S(=O)(=O)O)c(S(=O)(=O)O)cc2cc(S(=O)(=O)O)c(N=Nc3ccc4c(S(=O)(=O)O)cccc4c3S(=O)(=O)O)c(O)c12
CCN1C(=O)c2cccnc2N(CC)c2ncccc21,0.675,CCN1c2ccccc2N(C)C(=O)c2cccnc21
CCN1C=CC(=CC=Cc2cc[n+](CC)c3ccccc23)c2ccccc21,0.23809523809523808,CCN1C(=O)c2ccccc2Oc2ccccc21
CCN1CC(C)n2c(nc3ccccc3c2=O)C1C,0.56,CCCN1Cn2c(nc3ccccc3c2=O)C1C
CCN1CCCC1CNC(=O)c1cc(S(N)(=O)=O)ccc1OC,0.3103448275862069,COc1ccc(C)cc1S(N)(=O)=O
CCN1CCn2c(nc3ccccc3c2=O)C1C,0.6739130434782609,CCCN1Cn2c(nc3ccccc3c2=O)C1C
CCN1c2ccccc2N(C)C(=S)c2cccnc21,0.7073170731707317,CCN1c2ccccc2N(C)C(=O)c2cccnc21
CCN1c2nc(N(C)CCO)ccc2NC(=O)c2cccnc21,0.5166666666666667,CCN1c2cc(Cl)ccc2NC(=O)c2cccnc21
CCN1c2ncccc2C(=O)N(C)c2ccc(Cl)nc21,0.6521739130434783,CCN1c2ccccc2N(C)C(=O)c2cccnc21
CCN1c2ncccc2C(=O)N(C)c2cccnc21,0.8157894736842105,CCN1c2ccccc2N(C)C(=O)c2cccnc21
CCN1c2ncccc2C(=O)Nc2c(C(F)(F)F)cc(C)nc21,0.5245901639344263,CCN1c2cc(N(C)C)cc(C)c2NC(=O)c2cccnc21
CCN1c2ncccc2C(=O)Nc2c(C)cc(C)nc21,0.6296296296296297,CCN1c2cc(N(C)C)cc(C)c2NC(=O)c2cccnc21
CCN=C1C=CC(=C(c2ccc(NCC)c(C)c2)c2ccc(NCC)c(C)c2)C=C1C,0.2537313432835821,CCNc1cc2[o+]c3cc(NCC)c(C)cc3c(-c3ccccc3C(=O)OC)c2cc1C
CCOC(=O)C(C#N)=C(c1ccccc1)c1ccccc1,0.5142857142857142,CCOC(=O)c1ccccc1
CCOC(=O)C(C)Oc1ccc(Oc2nc3ccc(Cl)cc3s2)cc1,0.6206896551724138,CCOC(=O)C(C)Oc1ccc(Oc2cnc3cc(Cl)ccc3n2)cc1
CCOC(=O)C(C)Oc1cccc(Oc2nc3ccc(Cl)cc3s2)c1,0.5238095238095238,CCOC(=O)C(C)Oc1ccc(Oc2cnc3cc(Cl)ccc3n2)cc1
CCOC(=O)C(CC(=O)O)=C(c1ccccc1)c1ccccc1,0.5294117647058824,CCOC(=O)c1ccccc1
CCOC(=O)C(Cl)Cc1cc(-n2nc(C)n(C(F)F)c2=O)c(F)cc1Cl,0.32051282051282054,CCOC(=O)COc1cc(-c2nn(C)c(OC(F)F)c2Cl)c(F)cc1Cl
CCOC(=O)C(c1c(O)c2ccccc2oc1=O)c1c(O)c2ccccc2oc1=O,0.6818181818181818,CCOC(=O)C(c1c(O)oc2ccccc2c1=O)c1c(O)oc2ccccc2c1=O
CCOC(=O)C1=C(C)NC(C)=C(C(=O)OC)C1c1cccc(Cl)c1Cl,0.3584905660377358,CNC(=O)OCc1cccc(Cl)c1Cl
CCOC(=O)C1=CC2(CC)CCCN3CCc4c(n1c1ccccc41)C32,0.288135593220339,CCOC(=O)c1ccccc1C(=O)OCC
CCOC(=O)C1=NN(c2ccc(Cl)cc2Cl)C(C)(C(=O)OCC)C1,0.3684210526315789,CCOC(=O)COc1ccc(Cl)cc1Cl
CCOC(=O)C1=NN(c2ccccc2)C(=O)C1N=Nc1ccc(-c2ccc(N=NC3C(=O)N(c4ccccc4)N=C3C(=O)OCC)c(Cl)c2)cc1Cl,0.4126984126984127,CCOC(=O)C1=NN(c2ccccc2)C(=O)C1
CCOC(=O)C1CCn2c(C(=O)c3ccccc3)ccc21,0.40816326530612246,CCOC(=O)c1ccccc1C(=O)c1ccccc1
CCOC(=O)C1OC1(C)c1ccccc1,0.42105263157894735,CCOC(=O)c1ccccc1
CCOC(=O)C1OC1c1ccccc1,0.45714285714285713,CCOC(=O)c1ccccc1
CCOC(=O)CC(NC1CCC(CC2CCC(NC(CC(=O)OCC)C(=O)OCC)C(C)C2)CC1C)C(=O)OCC,0.3488372093023256,CCOC(=O)CC(C)C
CCOC(=O)CC(NC1CCC(CC2CCC(NC(CC(=O)OCC)C(=O)OCC)CC2)CC1)C(=O)OCC,0.39473684210526316,CCOC(=O)CC(C)C
CCOC(=O)CCN(SN(C)C(=O)Oc1cccc2c1OC(C)(C)C2)C(C)C,0.34177215189873417,CCOC(=O)CCN(Cc1ccccc1)SN(C)C(=O)O/N=C(/C)SC
CCOC(=O)Cc1[nH]nc2ccc(Cl)cc12,0.46808510638297873,CCOC(=O)COc1ccc(Cl)cc1Cl
CCOC(=O)c1c[nH]c(=S)[nH]c1=O,0.4444444444444444,CCOC(=O)c1ccccc1C(=O)OCC
CCOC(=O)c1ccc(N=CN(C)c2ccccc2)cc1,0.5384615384615384,CCOC(=O)c1ccccc1
CCOC(=O)c1ccc2sc3ccccc3c(=O)c2c1,0.475,CCOC(=O)c1ccccc1
CCOC(=O)c1nc(C(Cl)(Cl)Cl)n(-c2ccc(Cl)cc2Cl)n1,0.38181818181818183,CCOC(=O)COc1ccc(Cl)cc1Cl
CCOC(=O)c1nn(-c2ccc(OC)cc2)c2c1CCN(c1ccc(N3CCCCC3=O)cc1)C2=O,0.3,CCOC(=O)C1=NN(c2ccccc2)C(=O)C1
CCOC1Oc2ccc(OS(C)(=O)=O)cc2C1(C)C,0.2777777777777778,CNC(=O)Sc1ccc(OS(C)(=O)=O)cc1
CCOP(=O)(Cc1ccc(-c2nc3ccccc3s2)cc1)N1CCCC1=O,0.6363636363636364,CCOP(=O)(Cc1ccc(-c2nc3ccccc3s2)cc1)OCC
CCOP(=O)(Sc1ccccc1)Sc1ccccc1,0.4857142857142857,CCOP(=O)(OCC)SCc1ccccc1
CCOP(=S)(OCC)Oc1cnc2ccccc2n1,0.5121951219512195,CCOP(=S)(OCC)Oc1cnccn1
CCOP(=S)(OCC)Oc1ncn(-c2ccccc2)n1,0.5102040816326531,CCOP(=S)(OCC)Oc1ccc(=O)n(-c2ccccc2)n1
CCOc1ccc(C(=O)OCCNC(C)c2ccccc2)cc1,0.5102040816326531,CCOc1ccc(C(=O)OCCN(CC)CC)cc1
CCOc1ccc(C2(C(=O)OC(C#N)c3cccc(Oc4ccccc4)c3)CC2(Cl)Cl)cc1,0.532258064516129,CC1(C)C(C(=O)OC(C#N)c2cccc(Oc3ccccc3)c2)C1(C)C
CCOc1ccc(NS(=O)(=O)c2ccc(N)cc2)nn1,0.47058823529411764,CCn1ccc(NS(=O)(=O)c2ccc(N)cc2)nc1=O
CCOc1ccc([Si](C)(C)CCCc2ccc(F)c(Oc3ccccc3)c2)cc1,0.3695652173913043,CCOc1ccccc1
CCOc1ccc2c(c1)C(C)=CC(C)(C)N2,0.3333333333333333,CCOc1ccc(N)cc1
CCOc1nc2cccc(C(=O)O)c2n1Cc1ccc(-c2ccccc2-c2nn[nH]n2)cc1,0.43037974683544306,CCCCC(=O)N(Cc1ccc(-c2ccccc2-c2nn[nH]n2)cc1)[C@H](C(=O)O)C(C)C
CCOc1no[n+]([O-])c1S(=O)(=O)c1ccccc1,0.37209302325581395,CCOS(=O)(=O)c1ccccc1
CCS(=O)(=O)Oc1ccc2c(c1)C(C)(C)CO2,0.24561403508771928,CCOc1ccc(NS(=O)(=O)c2ccc([N+](=O)[O-])cc2)cc1
CCS(=O)(=O)c1nc2ccccn2c1S(=O)(=O)NC(=O)Nc1nc(OC)cc(OC)n1,0.5714285714285714,CCS(=O)(=O)c1cccnc1S(=O)(=O)NC(=O)Nc1nc(OC)cc(OC)n1
CC[C@@]12CCCN3CC[C@]4(c5cccc(OC)c5N(C(C)=O)[C@@H]4CC1)[C@H]32,0.26744186046511625,COc1ccc2c3c1OC1C(OC(C)=O)C=CC4C(C2)N(C)CCC341
CC[N+](CC)(CC(=O)Nc1c(C)cccc1C)Cc1ccccc1,0.4864864864864865,CC[N+](CC)(CC)Cc1ccccc1
CC[n+]1c(-c2ccccc2)c2cc(N)ccc2c2ccc(N)cc21,0.275,Nc1ccc2ccccc2c1
CCc1c(C(=O)O)c(=O)cnn1-c1ccc(Cl)cc1,0.3333333333333333,O=c1c(Cl)c(Cl)cnn1-c1ccccc1
CCc1ccc(C(=O)NN(C(=O)c2cc(C)cc(C)c2)C(C)(C)C)cc1,0.38095238095238093,CCc1ccc(C(=O)O)cc1
CCc1cccc2c3c([nH]c12)C(CC)(CC(=O)O)OCC3,0.3157894736842105,CCc1cccc2c(CCO)c[nH]c12
CCn1c(O)c(N=Nc2ccc(Cl)cc2[N+](=O)[O-])c(C)c(C#N)c1=O,0.40540540540540543,CCN1C(=O)C(C#N)=C(C)/C(=N\Nc2ccc(Cl)cc2[N+](=O)[O-])C1=O
CCn1c(O)c(N=Nc2ccc(S(=O)(=O)c3ccc(N=Nc4c(C)c(CS(=O)(=O)O)c(=O)n(CC)c4O)cc3)cc2)c(C)c(CS(=O)(=O)O)c1=O,0.3114754098360656,O=S(=O)(O)c1ccc(N=Nc2c(O)ccc3cc(S(=O)(=O)O)ccc23)cc1
CCn1c2ccccc2c2ccccc21,0.39285714285714285,Cn1c2ccccc2c(=O)c2ccccc21
CCn1cc(C(=O)O)c(=O)c2cc3c(cc21)OCO3,0.5370370370370371,CCn1cc(C(=O)O)c(=O)c2cc(F)c(N3CCN(C)CC3)cc21
CCn1cc(C(=O)O)c(=O)c2ccc(C)nc21,0.5185185185185185,CCn1cc(C(=O)O)c(=O)c2cnc(N3CCNCC3)nc21
CCn1cc(C(=O)OC)c(=O)c2ccc(C)nc21,0.39344262295081966,CCn1cc(C(=O)O)c(=O)c2cnc(N3CCNCC3)nc21
CCn1cc(C(=O)OCOC(=O)C(C)C)c(=O)c2ccc(C)nc21,0.35294117647058826,CCn1cc(C(=O)O)c(=O)c2cnc(N3CCNCC3)nc21
CCn1cc(C(=O)OCOC(C)=O)c(=O)c2ccc(C)nc21,0.36363636363636365,CCn1cc(C(=O)O)c(=O)c2cnc(N3CCNCC3)nc21
CCn1nc2cc(-c3cc4c5c(n(CC)nc5c3)-c3ccccc3C4=O)cc3c2c1-c1ccccc1C3=O,0.36363636363636365,CCc1ccc2c(c1)C(=O)c1ccccc1C2=O
CN(C(=O)COC(=O)c1ccccc1)C1CCCCC1,0.6153846153846154,CN(C)C(=O)COC(=O)c1ccccc1
CN(C(=S)SSC(=S)N(C)c1ccccc1)c1ccccc1,0.5,CC(=O)N(C)c1ccccc1
CN(C)C(=O)COC(=O)C1CCn2c(C(=O)c3ccccc3)ccc21,0.46,CN(C)C(=O)COC(=O)c1ccccc1
CN(C)C(=O)NC1CC2CC1C1CCCC21,0.28,CN(C)C(=O)NC[C@@]1(C)C[C@H](NC(=O)N(C)C)CC(C)(C)C1
CN(C)C(=O)NC1CCCCCCC1,0.5,CN(C)CCNC(=O)NC1CCCCC1
CN(C)CC/C=C1/c2ccccc2Sc2ccc(Cl)cc21,0.46153846153846156,CN(C)CCCN1c2ccccc2Sc2ccc(Cl)cc21
CN(C)CC/C=C1\c2ccccc2COc2ccccc21,0.375,O=C1OCc2ccccc21
CN(C)CCC=C1c2ccccc2COc2ccccc21,0.375,O=C1OCc2ccccc21
CN(C)CCCN1c2ccccc2CCc2ccccc21,0.6111111111111112,CN(C)CCCN1c2ccccc2Sc2ccccc21
CN(C)CCCOC1(Cc2ccccc2)CCCCCC1,0.3333333333333333,CN(C)CCOC(c1ccccc1)c1ccccc1
CN(C)CCN(Cc1cccs1)c1ccccn1,0.3877551020408163,COc1ccc(CN(CCN(C)C)c2ncccn2)cc1
CN(C)Cc1ccc(C(=O)OCCOCn2cnc3c(=O)[nH]c(N)nc32)cc1,0.38571428571428573,CC(=O)OCCOCn1cnc2cnc(N)nc21
CN(C)[C@@H]1C(O)=C(C(N)=O)C(=O)[C@@]2(O)C(=O)C3=C(O)c4c(O)cccc4[C@@](C)(O)[C@H]3[C@H](O)[C@@H]12,0.7903225806451613,CN(C)C1C(O)=C(C(N)=O)C(=O)C2(O)C(O)=C3C(=O)c4c(O)cccc4C(C)(O)C3C(O)C12
CN(C)c1ccc(C(c2ccc(N(C)C)cc2)c2ccc(N(C)C)cc2)cc1,0.47619047619047616,CN(C)c1ccccc1
CN(C)c1ccc([C+](c2ccc(N(C)C)cc2)c2ccc(N(C)C)cc2)cc1,0.47619047619047616,CN(C)c1ccccc1
CN(O)C(=O)C1CCCCCC1,0.5185185185185185,O=C(C1CC1)N(O)C1CCCCC1
CN(c1ccc2c(c1)C=C(S(=O)(=O)O)/C(=N/Nc1ccccc1S(=O)(=O)O)C2=O)c1nc(Cl)nc(Nc2cccc(S(=O)(=O)O)c2)n1,0.5714285714285714,CCN(c1ccccc1)c1nc(Cl)nc(Nc2cc(S(=O)(=O)O)cc3c2C(=O)/C(=N/Nc2ccccc2S(=O)(=O)O)C(S(=O)(=O)O)=C3)n1
CN(c1ccccc1)S(=O)(=O)C1=CC(=O)C2=C(NNc3ccc(NC(=O)CCl)cc3S(=O)(=O)O)C(=N)C=CC2=C1,0.4065934065934066,CC(C)(c1ccc(OS(=O)(=O)c2cccc(NNC3=C4C(=O)C=C(S(=O)(=O)O)C=C4C=CC3=N)c2)cc1)c1ccc(OS(=O)(=O)c2cccc(NNC3=C4C(=O)C=C(S(=O)(=O)O)C=C4C=CC3=N)c2)cc1
CN1/C(=C(/O)Nc2ccccn2)C(=O)c2ccccc2S1(=O)=O,0.33962264150943394,O=C(Nc1ccccn1)c1cccnc1
CN1C(=O)C(Cc2ccc(O)cc2)N(CC(=O)O)C1=O,0.375,O=C(O)Cc1ccc(O)cc1
CN1C(=O)c2ccc3c4ccc5c6c(ccc(c7ccc(c2c37)C1=O)c64)C(=O)N(C)C5=O,0.43243243243243246,O=C1c2ccc3c4ccc5c6c(ccc(c7ccc(c2c37)C(=O)N1c1ccc(N=Nc2ccccc2)cc1)c64)C(=O)N(c1ccc(N=Nc2ccccc2)cc1)C5=O
CN1C(=O)c2cccnc2Oc2ccccc21,0.5,CCN1c2ccccc2N(C)C(=O)c2cccnc21
CN1C(C(=O)Nc2ccccn2)=C(O)c2ccccc2S1(=O)=O,0.40384615384615385,O=C(Nc1ccccn1)c1cccnc1
CN1C(C)(C)CC(OC(=O)CC(C(=O)OC2CC(C)(C)N(C)C(C)(C)C2)C(CC(=O)OC2CC(C)(C)N(C)C(C)(C)C2)C(=O)OC2CC(C)(C)N(C)C(C)(C)C2)CC1(C)C,0.6052631578947368,CN1C(C)(C)CC(OC(=O)CCCCCCCCC(=O)OC2CC(C)(C)N(C)C(C)(C)C2)CC1(C)C
CN1C2CC(OC(=O)C(CO)c3ccccc3)CC1C1OC12,0.4090909090909091,O=C(O)C(CO)c1ccccc1
CN1C2CCC1C(C(=O)O)C(O)C2,0.25806451612903225,O=C(O)C1CCC(C(=O)O)CC1
CN1C2CCC1CC(OC(=O)c1ccccc1)C2,0.4782608695652174,CC1CC(OC(=O)c2ccccc2)CC(C)(C)N1
CN1C2CCC1[C@@H](C(=O)O)[C@@H](O)C2,0.25806451612903225,O=C(O)C1CCC(C(=O)O)CC1
CN1C2CCCC1CC(=O)C2,0.3448275862068966,CC1CCCC(=O)C1
CN1C=CC=C/C1=C\N=O,0.17142857142857143,C/C(=C\N=O)NO
CN1CC(O)C2=CC(=NNC(N)=O)C(=O)C=C21,0.25,COC(=O)C1CC(=O)N(C)C1
CN1CCC(c2c(O)cc(O)c3c(=O)cc(-c4ccccc4Cl)oc23)C(O)C1,0.24,O=C1Nc2ccc(Cl)cc2C(c2ccccc2Cl)=NC1O
CN1CCC23CCCCC2C1Cc1ccc(O)cc13,0.3442622950819672,CN1CCC23C=CC=CC2C1Cc1ccc(O)c(O)c13
CN1CCCN(C)C1=O,0.5238095238095238,CN1CCCC1=O
CN1CCN(C(c2ccccc2)c2ccccc2)CC1,0.37037037037037035,CC(C)c1ccccc1
CN1CCN(Cc2ccc(Cl)nc2)C1=NC#N,0.4074074074074074,CC(=NC#N)N(C)Cc1ccc(Cl)nc1
CN1COCN=C1N[N+](=O)[O-],0.23255813953488372,Cc1ncc([N+](=O)[O-])n1C
CN1CSC(=S)N(C)C1,0.21739130434782608,CN1CCN(C)CC1
CN1[C@@H]2CC(OC(=O)[C@H](CO)c3ccccc3)C[C@H]1C1OC12,0.4090909090909091,O=C(O)C(CO)c1ccccc1
CNC(=O)/C(C#N)=c1\[nH]c(=C2C(=O)NC(=O)NC2=O)c2ccccc12,0.25,CNC(=O)Oc1cccc2ccccc12
CNC(=O)Oc1cccc2c1OC(C)(C)C2,0.5909090909090909,CNC(=O)Oc1cccc2c1OC(C)(C)O2
CNC(=O)c1cccc(NCC(=O)NCCc2ccc(OC)c(OC)c2)c1,0.39285714285714285,COc1cccc(C(=O)NCO)c1
CNC1(c2ccccc2Cl)CCCCC1=O,0.2857142857142857,CC1(C#N)CCCC1=O
CNC1=C(c2cccc(C(F)(F)F)c2)C(=O)C(c2ccccc2)O1,0.4074074074074074,Cn1cc(-c2ccccc2)c(=O)c(-c2cccc(C(F)(F)F)c2)c1
CNCCCN1c2ccccc2CCc2ccccc21,0.3488372093023256,CN(C)CCCN1c2ccccc2Sc2ccccc21
CNS(=O)(=O)c1cc(OC)c(N/N=C2\C(=O)C(C(=O)Nc3ccc4[nH]c(=O)[nH]c4c3)=Cc3ccccc32)cc1C,0.4819277108433735,COc1ccccc1NC(=O)C1=Cc2ccccc2/C(=N/Nc2ccc(C(N)=O)cc2)C1=O
CNS(=O)(=O)c1cc(OC)c(N/N=C2\C(=O)C(C(=O)Nc3ccc4[nH]c(=O)[nH]c4c3)=Cc3ccccc32)cc1OC,0.49382716049382713,COc1ccccc1NC(=O)C1=Cc2ccccc2/C(=N/Nc2ccc(C(N)=O)cc2)C1=O
CNc1cc(NS(C)(=O)=O)ccc1Nc1c2ccccc2nc2ccccc12,0.3,CS(=O)(=O)Nc1ccc([N+](=O)[O-])cc1Oc1ccccc1
CNc1ccc(/C=C/c2ccc(Nc3nc(Nc4ccc(S(=O)(=O)O)cc4)nc(N4CCOCC4)n3)cc2S(=O)(=O)O)c(S(=O)(=O)O)c1,0.5542168674698795,O=C1/C(=N/Nc2ccccc2)C(S(=O)(=O)O)=Cc2cc(S(=O)(=O)O)cc(Nc3nc(Nc4ccc(/C=C/c5ccc(Nc6nc(Nc7cc(S(=O)(=O)O)cc8c7C(=O)/C(=N/Nc7ccccc7)C(S(=O)(=O)O)=C8)nc(N7CCOCC7)n6)cc5S(=O)(=O)O)c(S(=O)(=O)O)c4)nc(N4CCOCC4)n3)c21
COC(=O)/C(=C/c1ccccc1)S(=O)(=O)c1ccc([N+](=O)[O-])cc1,0.44,COC(=O)C1(S(=O)(=O)c2ccc([N+](=O)[O-])cc2)CC1
COC(=O)C(C)N(C(=O)Cc1ccccc1)c1c(C)cccc1C,0.6904761904761905,COCC(=O)N(c1c(C)cccc1C)C(C)C(=O)OC
COC(=O)C1=C(C)NC(C)=C(C(=O)OC)C1c1ccccc1[N+](=O)[O-],0.46808510638297873,COC(=O)c1c(C(=O)O)cccc1[N+](=O)[O-]
COC(=O)C1=CO[C@@H](O[C@@H]2O[C@H](CO)[C@@H](O)[C@H](O)[C@H]2O)[C@H]2[C@@H]1C(=O)C[C@@H]2C,0.37037037037037035,COC1OC(CO)C(O)C(O)C1O
COC(=O)C1C(OC(=O)c2ccccc2)CC2CCC1N2C,0.38636363636363635,COC(=O)c1ccccc1
COC(=O)C1CC(=O)C(C(=O)OC)CC1=O,0.44,COC(=O)C1CCC(C(=O)OC)CC1
COC(=O)[C@@H]1C2CCC(C[C@@H]1OC(=O)c1ccccc1)N2C,0.38636363636363635,COC(=O)c1ccccc1
COC(=O)c1cc(N=NC(C(C)=O)C(=O)Nc2ccc3[nH]c(=O)[nH]c3c2)cc(C(=O)OC)c1,0.44642857142857145,CC(=O)CC(=O)Nc1ccc2[nH]c(=O)[nH]c2c1
COC(=O)c1ccc(C(=O)Nc2cc(Cl)ccc2Cl)cc1N/N=C1\C(=O)C(C(=O)Nc2ccccc2OC)=Cc2ccccc21,0.7910447761194029,COc1ccccc1NC(=O)C1=Cc2ccccc2/C(=N\Nc2cc(Cl)ccc2Cl)C1=O
COC(=O)c1ccc(C(=O)OC)c(N=NC(C(C)=O)C(=O)Nc2ccc3[nH]c(=O)[nH]c3c2)c1,0.42028985507246375,COc1ccc(NC(=O)C(N=Nc2ccc(-c3ccc(N=NC(C(C)=O)C(=O)Nc4ccc(OC)cc4)c(Cl)c3)cc2Cl)C(C)=O)cc1
COC(=O)c1sccc1S(=O)(=O)NC(=O)Nc1nc(C)nc(OC)n1,0.6727272727272727,COC(=O)c1ccccc1S(=O)(=O)NC(=O)Nc1nc(C)nc(OC)n1
COC(=O)c1sccc1S(=O)(=O)NC(=O)Nc1nc(OC)nc(OC)n1,0.5714285714285714,COC(=O)c1ccccc1S(=O)(=O)NC(=O)Nc1nc(C)nc(OC)n1
COC1=C(C(=O)O)N2C(=O)C(NC(=O)C(N)C3=CCC=CC3)C2SC1,0.5223880597014925,CC1=C(C(=O)O)N2C(=O)C(NC(=O)C(N)c3ccccc3)C2SC1
COC1=C(OC)C2C(=O)OCC2C=C1,0.22916666666666666,COc1ccc2c(c1OC)C(=O)OC2
COC1=CC2OC3C=CC(O)=CC3C(=O)C2C(O)=C1,0.18518518518518517,COc1cc(C=O)ccc1O
COC1CCC=CO1,0.3225806451612903,COC1CCCC(C)O1
COCCCn1c(=O)c2c(N)c3c(=O)c4ccccc4c(=O)c3c(N)c2c1=O,0.3023255813953488,Cn1c2ccccc2c(=O)c2ccccc21
COCCOCCCn1c(=O)c2c(N)c3c(=O)c4ccccc4c(=O)c3c(N)c2c1=O,0.2962962962962963,CCCCOCCOC(=O)c1ccccc1
CON(C(=O)c1cc(C)oc1C)C1CCCCC1,0.26666666666666666,O=C(C1CC1)N(O)C1CCCCC1
CO[C@]1(C)CCC23C[C@@H]1C(C)(C)[C@@H]2CC[C@H]3C,0.2571428571428571,CC1CCC(C)(C)C1
COc1c(C(=O)O)oc2ccccc12,0.42857142857142855,COc1c(C(=O)O)cccc1C(=O)O
COc1cc(C2c3cc4c(cc3C(OC3OC5COC(C)OC5C(O)C3O)C3COC(=O)C23)OCO4)cc(OC)c1O,0.26506024096385544,O=C1NC2C(O)C(O)C(O)C(O)C2c2cc3c(c(O)c21)OCO3
COc1cc(N=Nc2ccc(S(=O)(=O)O)cc2)c(C)cc1N/N=C1/C(=O)c2ccc(Nc3ccccc3)cc2C=C1S(=O)(=O)O,0.5405405405405406,Nc1ccc2c(c1)C=C(S(=O)(=O)O)/C(=N/Nc1ccc(N=Nc3ccc(S(=O)(=O)O)cc3)cc1)C2=O
COc1cc(NC(=O)C2=Cc3ccccc3/C(=N/Nc3cc(C(=O)Nc4ccccc4)ccc3OC)C2=O)c(OC)cc1Cl,0.6538461538461539,CCN(CC)S(=O)(=O)c1ccc(OC)c(N/N=C2/C(=O)C(C(=O)Nc3cc(Cl)c(OC)cc3OC)=Cc3ccccc32)c1
COc1cc(NS(=O)(=O)c2ccc(C)cc2)c2c(c1N)C(=O)c1ccccc1C2=O,0.5652173913043478,COc1cc(N)c2c(c1N)C(=O)c1ccccc1C2=O
COc1cc(NS(=O)(=O)c2ccc(N)cc2)nc(C)n1,0.5,COc1ccc(N)cc1NS(=O)(=O)c1ccc(N)cc1
COc1cc(NS(=O)(=O)c2ccc(N)cc2)nc(OC)n1,0.5,COc1ccc(N)cc1NS(=O)(=O)c1ccc(N)cc1
COc1cc(NS(=O)(=O)c2ccccc2)c2c(c1N)C(=O)c1ccccc1C2=O,0.6046511627906976,COc1cc(N)c2c(c1N)C(=O)c1ccccc1C2=O
COc1cc(OC)c(NC(=O)C2=Cc3ccccc3/C(=N\Nc3cc(C(=O)Nc4ccc(C(N)=O)cc4)ccc3OC)C2=O)cc1Cl,0.6805555555555556,COc1ccccc1NC(=O)C1=Cc2ccccc2/C(=N/Nc2ccc(C(N)=O)cc2)C1=O
COc1cc(OC)c2c(c1Cl)O[C@]1(C2=O)C(OC)CC(=O)C[C@H]1C,0.6111111111111112,COc1cc(OC)c2c(c1Cl)OC1(C2=O)C(C)CC(O)CC1O
COc1cc(OC)nc(NC(=O)NS(=O)(=O)c2c(Cl)nc3ccccn23)n1,0.6101694915254238,COC(=O)c1c(Cl)nn(C)c1S(=O)(=O)NC(=O)Nc1nc(OC)cc(OC)n1
COc1cc([C@@H]2c3cc4c(c(O)c3C[C@H]3COC(=O)[C@@H]32)OCO4)cc(OC)c1O,0.3484848484848485,O=C1NC2C(O)C(O)C(O)C(O)C2c2cc3c(c(O)c21)OCO3
COc1cc([C@@H]2c3cc4c(c(O)c3C[C@H]3COC(=O)[C@@H]32)OCO4)cc(OC)c1OC,0.3382352941176471,O=C1NC2C(O)C(O)C(O)C(O)C2c2cc3c(c(O)c21)OCO3
COc1cc([C@@H]2c3cc4c(cc3[C@H](O)[C@H]3COC(=O)[C@@H]23)OCO4)cc(OC)c1OC,0.3,COc1cc(Br)c2c(c1OC)C(=O)OC2
COc1cc2c(c(OC)c1OC)-c1ccc(OC)c(=O)cc1C(NC(C)=O)CC2,0.288135593220339,COc1ccc(C)cc1NC(C)=O
COc1cc2c(c(OC)c1OC)-c1ccc(OC)c(=O)cc1[C@@H](NC(C)=O)CC2,0.288135593220339,COc1ccc(C)cc1NC(C)=O
COc1cc2c(c3c1c(=O)c1cccnc1n3C)C=CC(C)(C)O2,0.7192982456140351,COc1cc2c(c3c1c(=O)c1ccccc1n3C)C=CC(C)(C)O2
COc1cc2nccnc2c(N)c1OC,0.34782608695652173,COc1cc(Cc2cnc(N)nc2N)cc(OC)c1OC
COc1ccc(-c2cc(=O)c3c(O)cc(O)cc3o2)cc1O,0.39622641509433965,COc1cc(O)c2c(=O)c3cc(O)ccc3oc2c1
COc1ccc(/C=C2/N=C(c3ccc(C4=N/C(=C/c5ccc(OC)cc5)C(=O)O4)cc3)OC2=O)cc1,0.39473684210526316,COc1ccc(C=O)cc1
COc1ccc(C(=O)CC(=O)c2ccc(C(C)(C)C)cc2)cc1,0.5757575757575758,COC(=O)c1ccc(C(C)(C)C)cc1
COc1ccc(C(=O)Cc2c(CCN(C)C)cc3c(c2OC)OCO3)c(C(=O)O)c1OC,0.3968253968253968,CCOC(=O)c1ccc(OC)c(OC)c1C(=O)O
COc1ccc(C(=O)Nc2ccccc2)cc1N/N=C1\C(=O)C(C(=O)Nc2cc(Cl)ccc2C)=Cc2ccccc21,0.676056338028169,COc1ccccc1NC(=O)C1=Cc2ccccc2/C(=N\Nc2cc(Cl)ccc2Cl)C1=O
COc1ccc(C(=O)Nc2ccccc2)cc1N/N=C1\C(=O)C(C(=O)Nc2cc(Cl)ccc2OC)=Cc2ccccc21,0.7164179104477612,COc1ccccc1NC(=O)C1=Cc2ccccc2/C(=N\Nc2cc(Cl)ccc2Cl)C1=O
COc1ccc(C(O)(c2cncnc2)C2CC2)cc1,0.3958333333333333,CC(C)C(O)(c1ccc(OC(F)(F)F)cc1)c1cncnc1
COc1ccc(CC2NC(=O)N(C(C)C(=O)O)C2=O)cc1,0.3829787234042553,COc1ccc(CCC(=O)O)cc1
COc1ccc(CC2NC(=O)N(C)C2=O)cc1,0.3783783783783784,COc1ccc(CO)cc1
COc1ccc(CCC(=O)c2c(O)cc(O[C@@H]3O[C@H](CO)[C@@H](O)[C@H](O)[C@H]3O[C@@H]3O[C@@H](C)[C@H](O)[C@@H](O)[C@H]3O)cc2O)cc1O,0.5342465753424658,O=C(CCc1ccc(O)cc1)c1c(O)cc(O)cc1O[C@@H]1O[C@H](CO)[C@@H](O)[C@H](O)[C@H]1O
COc1ccc(CCNC(=O)CNc2cccc(C(N)=O)c2)cc1OC,0.39215686274509803,COc1cccc(C(N)=O)c1
COc1ccc(Cc2nccc3cc(OC)c(OC)cc23)cc1OC,0.40476190476190477,C=CCc1ccc(OC)c(OC)c1
COc1ccc(N2CCN(c3ccc(-n4cn[nH]c4=O)cc3)CC2)cc1,0.325,COc1ccc(C=O)cc1
COc1ccc(N2CCN(c3ccc([N+](=O)[O-])cc3)CC2)cc1,0.7,COc1ccc([N+](=O)[O-])cc1
COc1ccc(N=NC(C(C)=O)C(=O)Nc2ccccc2OC)c([N+](=O)[O-])c1,0.6229508196721312,COc1ccccc1NC(=O)C(N=Nc1ccc(-c2ccc(N=NC(C(C)=O)C(=O)Nc3ccccc3OC)c(Cl)c2)cc1Cl)C(C)=O
COc1ccc(N=Nc2ccc(N=Nc3cccc(S(=O)(=O)O)c3)cc2OC)cc1,0.6078431372549019,COc1cc(N=Nc2cccc(S(=O)(=O)O)c2)ccc1NC(=O)Nc1ccc(N=Nc2cccc(S(=O)(=O)O)c2)cc1OC
COc1ccc(NC(=O)C2=Cc3ccccc3/C(=N/Nc3cc(C(=O)Nc4cccc(S(=O)(=O)O)c4)ccc3C)C2=O)cc1,0.5641025641025641,Cc1ccc([N+](=O)[O-])cc1N/N=C1\C(=O)C(C(=O)Nc2ccccc2)=Cc2ccccc21
COc1ccc(NS(=O)(=O)c2ccc(N)cc2)nn1,0.5365853658536586,COc1ccc(NS(=O)(=O)c2ccc(N)cc2)cc1
COc1ccc(S(=O)(=O)CCOS(=O)(=O)O)cc1N/N=C1/C(=O)c2c(cc(S(=O)(=O)O)c(N=Nc3ccc(S(=O)(=O)CCOS(=O)(=O)O)cc3)c2N)C=C1S(=O)(=O)O,0.45348837209302323,CC(=O)Nc1ccc2c(c1)C(=O)/C(=N/Nc1ccc(S(=O)(=O)CCOS(=O)(=O)O)cc1)C(S(=O)(=O)O)=C2
COc1ccc([C@@H]2CC(=O)c3c(O)cc(O[C@@H]4O[C@H](CO)[C@@H](O)[C@H](O)[C@H]4O[C@@H]4O[C@@H](C)[C@H](O)[C@@H](O)[C@H]4O)cc3O2)cc1O,0.7662337662337663,COc1ccc([C@@H]2CC(=O)c3c(O)cc(O[C@@H]4O[C@H](CO[C@@H]5O[C@@H](C)[C@H](O)[C@@H](O)[C@H]5O)[C@@H](O)[C@H](O)[C@H]4O)cc3O2)cc1O
COc1ccc2c(c1)C13CCCCC1C(C2)N(C)CC3,0.3188405797101449,COc1ccc2c3c1OC1C(O)C=CC4C(C2)N(C)CCC341
COc1ccc2c(c1)CCCC2,0.43478260869565216,COc1ccc(OC)cc1
COc1ccc2c(c1)[nH]c1c(C)nccc12,0.3902439024390244,COc1ccc2[nH]c(=S)[nH]c2c1
COc1ccc2c(c1O)C13CCN(C)C(C2)C1C=CC(=O)C3,0.4714285714285714,COc1ccc2c3c1OC1C(OC(C)=O)C=CC4C(C2)N(C)CCC341
COc1ccc2c(c1OC)C(=O)OC2C1c2c(cc3c(c2OC)OCO3)CCN1C,0.3770491803278688,COc1ccc2c(c1OC)C(=O)OC2
COc1ccc2c(c1OC)C(=O)OC2C1c2cc3c(cc2CCN1C)OCO3,0.40350877192982454,COc1ccc2c(c1OC)C(=O)OC2
COc1ccc2c(c1OC)C(=O)O[C@@H]2[C@H]1c2c(cc3c(c2OC)OCO3)CCN1C,0.3770491803278688,COc1ccc2c(c1OC)C(=O)OC2
COc1ccc2c3c1CCCC3CN(C(=N)N)C2,0.25675675675675674,COc1cc2nc(N3CCN(C(=O)C4CCCO4)CC3)nc(N)c2cc1OC
COc1ccc2c3c1CCCC3CN(C(N)=NO)C2,0.25,COc1cc2nc(N3CCN(C(=O)C4CCCO4)CC3)nc(N)c2cc1OC
COc1ccc2cc(C(C)C(=O)OC3CCCCC3=O)ccc2c1,0.574468085106383,COC(=O)C(C)c1ccc2cc(OC)ccc2c1
COc1ccc2cc(C(C)C(=O)OCCCCN3CCN(C)CC3)ccc2c1,0.68,CCCCCOC(=O)C(C)c1ccc2cc(OC)ccc2c1
COc1ccc2cc(C(C)C(=O)OCCCCN3CCOCC3)ccc2c1,0.6538461538461539,CCCCCOC(=O)C(C)c1ccc2cc(OC)ccc2c1
COc1ccc2cc(C(C)C(=O)OCCN3CCN(C)CC3)ccc2c1,0.6595744680851063,CCCOC(=O)C(C)c1ccc2cc(OC)ccc2c1
COc1ccc2cc(C(C)C(=O)OCCN3CCNCC3)ccc2c1,0.6326530612244898,CCCOC(=O)C(C)c1ccc2cc(OC)ccc2c1
COc1ccc2cc(C(C)C(=O)OCCOC(=O)C(N)Cc3ccccc3)ccc2c1,0.7843137254901961,COc1ccc2cc(C(C)C(=O)OC(C)OC(=O)C(N)Cc3ccccc3)ccc2c1
COc1ccc2cc(C(C)C(=O)OCCOC(=O)CN3CCOCC3)ccc2c1,0.6415094339622641,COc1ccc2cc(C(C)C(=O)OCCOC(=O)CN)ccc2c1
COc1cccc(C(=O)NN(C(=O)c2cc(C)cc(C)c2)C(C)(C)C)c1C,0.34545454545454546,COc1ccc(C(=O)c2cccc(C)c2)cc1C
COc1ccccc1N=NC(C(C)=O)C(=O)Nc1ccc2[nH]c(=O)[nH]c2c1,0.576271186440678,COc1cc(-c2ccc(N=NC(C(C)=O)C(=O)Nc3ccccc3)c(OC)c2)ccc1N=NC(C(C)=O)C(=O)Nc1ccccc1
COc1ccccc1NC(=O)C(N=Nc1ccc(Cl)cc1[N+](=O)[O-])C(C)=O,0.6666666666666666,COc1ccccc1NC(=O)C(N=Nc1ccc(-c2ccc(N=NC(C(C)=O)C(=O)Nc3ccccc3OC)c(Cl)c2)cc1Cl)C(C)=O
COc1ccccc1OCCNCC(O)COc1cccc2[nH]c3ccccc3c12,0.4423076923076923,COc1ccccc1OCC(O)CO
COc1ccsc1CN(C(=O)CCl)c1c(C)cccc1C,0.5416666666666666,COCCN(C(=O)CCl)c1c(C)cccc1C
COc1cnc(NS(=O)(=O)c2ccc(N)cc2)nc1,0.6153846153846154,COc1ccc(NS(=O)(=O)c2ccc(N)cc2)cc1
CS(=O)(=O)c1ccc(C2=C(c3ccccc3)C(=O)OC2)cc1,0.3611111111111111,Cc1ccc(S(C)(=O)=O)cc1
CSC(=O)c1cccc2nnsc12,0.29545454545454547,O=C(O)c1cccc2ncccc12
C[C@@H]1O[C@@H](O[C@H]2[C@H](Oc3cc(O)c4c(c3)O[C@H](c3ccc(O)cc3)CC4=O)O[C@H](CO)[C@@H](O)[C@@H]2O)[C@H](O)[C@H](O)[C@H]1O,0.625,COc1ccc([C@@H]2CC(=O)c3c(O)cc(O[C@@H]4O[C@H](CO[C@@H]5O[C@@H](C)[C@H](O)[C@@H](O)[C@H]5O)[C@@H](O)[C@H](O)[C@H]4O)cc3O2)cc1O
C[C@@H]1[C@@H](CN)C[C@H]2C[C@@H]1C2(C)C,0.25,CC1(C)C2CC3OC3(C)C1C2
C[C@H]1C(c2ccc(Cl)cc2)SC(=O)N1C(=O)NC1CCCCC1,0.2631578947368421,CN(C)CCNC(=O)NC1CCCCC1
C[C@H]1CCC2(O)C(C)(C)C3CC[C@@]2(C)C1C3,0.45454545454545453,CC1(C)C2CCC1(C)C(O)C2
C[C@]1(Cn2ccnn2)[C@H](C(=O)O)N2C(=O)C[C@H]2S1(=O)=O,0.2777777777777778,CC1(C)OC(=O)C[C@@H]1C(=O)O
C[C@]12CC[C@@H](O)C[C@@H]1CC[C@@H]1[C@@H]2CC[C@]2(C)C(=O)CC[C@@H]12,0.5102040816326531,CC12CCC3C(CC=C4CC(O)CCC43C)C1CCC2=O
C[C@]12CC[C@@H]3C4=C(CC[C@H]3[C@@H]1CC[C@@H]2O)CC(=O)CC4,0.4716981132075472,CC12CCC3C4CCC(=O)C=C4CCC3C1CCC2O
C[C@]12CC[C@H](O)C[C@@H]1CC[C@@H]1[C@@H]2CC[C@]2(C)C(=O)CC[C@@H]12,0.5102040816326531,CC12CCC3C(CC=C4CC(O)CCC43C)C1CCC2=O
C[Si](Cn1cncn1)(c1ccc(F)cc1)c1ccc(F)cc1,0.3018867924528302,CCCC(Cn1cncn1)c1ccc(Cl)cc1Cl
C[Si]1(C)O[Si](C)(C)O[Si](C)(C)O[Si](C)(C)O1,1.0,C[Si]1(C)O[Si](C)(C)O[Si](C)(C)O1
Cc1[nH]c(C)c(Cl)c(=O)c1Cl,0.41379310344827586,Cc1[nH]c(=O)n(C(C)(C)C)c(=O)c1Cl
Cc1c(C)c2c(c(C)c1O)CC[C@@](C)(CCC[C@H](C)CCC[C@H](C)CCCC(C)C)O2,0.30434782608695654,CC(C)CCCC(C)CCO
Cc1c(COC(=O)C2C(/C=C(\Cl)C(F)(F)F)C2(C)C)cccc1-c1ccccc1,0.5932203389830508,Cc1c(F)c(F)c(COC(=O)C2C(/C=C(\Cl)C(F)(F)F)C2(C)C)c(F)c1F
Cc1c(Nc2nc(Cl)nc(Nc3cccc(S(=O)(=O)O)c3)n2)c(C)c(S(=O)(=O)O)c(C)c1Nc1cc(S(=O)(=O)O)c(N)c2c1C(=O)c1ccccc1C2=O,0.5128205128205128,Cc1c(CNC(=O)CCl)c(C)c(Nc2cc(S(=O)(=O)O)c(N)c3c2C(=O)c2ccccc2C3=O)c(C)c1CNC(=O)CCl
Cc1c(Nc2nc(Cl)nc(Nc3ccccc3S(=O)(=O)O)n2)c(C)c(S(=O)(=O)O)c(C)c1Nc1cc(S(=O)(=O)O)c(N)c2c1C(=O)c1ccccc1C2=O,0.547945205479452,Cc1c(CNC(=O)CCl)c(C)c(Nc2cc(S(=O)(=O)O)c(N)c3c2C(=O)c2ccccc2C3=O)c(C)c1CNC(=O)CCl
Cc1c(O)cc2c(c1C)OC(C)(CCCC(C)CCCC(C)CCCC(C)C)CC2,0.2962962962962963,C#CC(C)(O)CCCC(C)CCCC(C)C
Cc1c(OCc2ccccc2)ccc2c(=O)cc(N3CCOCC3)oc12,0.29577464788732394,CCC(Cc1ccccc1)(C(=O)c1ccc(N2CCOCC2)cc1)N(C)C
Cc1c(OCc2ccccn2)ccc2c(=O)cc(N3CCOCC3)oc12,0.26785714285714285,CCc1ccccn1
Cc1c2ccccc2c(CN2CCOCC2)c2ccccc12,0.41379310344827586,Cc1c2ccccc2c(C)c2ccccc12
Cc1c[nH]c(=S)[nH]c1=O,0.6,Cc1c[nH]c(=O)[nH]c1=O
Cc1cc(=O)[nH]c(=S)[nH]1,0.5833333333333334,Cc1cc(=O)[nH]c(=O)[nH]1
Cc1cc(=O)[nH]o1,0.38461538461538464,Cc1cc(=O)[nH]c(=O)[nH]1
Cc1cc(=O)n(O)c2ccc3ccccc3c12,0.47368421052631576,Cc1cc2ccccc2c2ccc3ccccc3c12
Cc1cc(=O)oc2c3c4c(cc12)CCCN4CCC3,0.46808510638297873,Cc1cc(=O)oc2c1cc(C)c1oc3c(c12)CCCC3
Cc1cc(C(C)(C)C)c(O)c(C)c1Cn1c(=O)n(Cc2c(C)cc(C(C)(C)C)c(O)c2C)c(=O)n(Cc2c(C)cc(C(C)(C)C)c(O)c2C)c1=O,0.55,Cc1cc(C(C)(C)C)c(O)c(C)c1CC#N
Cc1cc(C(O)(c2ccc(N)cc2)c2ccc(N)cc2)ccc1N,0.4666666666666667,Cc1cc(O)ccc1N
Cc1cc(C)nc(NS(=O)(=O)c2ccc(N)cc2)n1,0.5897435897435898,Cc1csc(NS(=O)(=O)c2ccc(N)cc2)n1
Cc1cc(C2CC2)nc(Nc2ccccc2)n1,0.3170731707317073,Cc1cc(C)c2ccccc2n1
Cc1cc(N)n(-c2ccccc2)n1,0.35,Nc1cnn(-c2ccccc2)c(=O)c1Br
Cc1cc(NS(=O)(=O)c2ccc(N)cc2)nc(C)n1,0.5476190476190477,Cc1csc(NS(=O)(=O)c2ccc(N)cc2)n1
Cc1cc(Nc2nc(NCCO)nc(Nc3ccc(N=Nc4cc(S(=O)(=O)O)c5cccc(S(=O)(=O)O)c5c4)c(C)c3)n2)ccc1N=Nc1cc(S(=O)(=O)O)c2cccc(S(=O)(=O)O)c2c1,0.5,O=S(=O)(O)c1cc(Nc2nc(NCCO)nc(Nc3ccccc3)n2)ccc1/C=C/c1ccc(Nc2nc(NCCO)nc(Nc3ccccc3)n2)cc1S(=O)(=O)O
Cc1cc(OC(=O)N(C)C)n(-c2ccccc2)n1,0.32608695652173914,CCOC(=O)N(CC)c1ccccc1
Cc1cc2ccccc2cn1,0.4782608695652174,Cc1cc2ccccc2cc1C
Cc1cc2nc3c(C)c(N)ccc3[n+](-c3ccccc3)c2cc1N,0.27906976744186046,Cc1cc(-c2ccc(N)c(C)c2)ccc1N
Cc1ccc(C(=O)COc2c(C(=O)c3ccc(Cl)c(C)c3Cl)c(C)nn2C)cc1,0.2903225806451613,Cc1ccc(C(=O)c2ccc(CC(=O)O)n2C)cc1
Cc1ccc(C(=O)OC(C)C)cc1N=Nc1c(O)c(C(=O)Nc2cc(Cl)c(NC(=O)c3cc4ccccc4c(N=Nc4cc(C(=O)OC(C)C)ccc4C)c3O)cc2Cl)cc2ccccc12,0.44594594594594594,Cc1cc(S(=O)(=O)O)c(N=Nc2c(O)c(C(=O)O)cc3ccccc23)cc1Cl
Cc1ccc(C(=O)OCCCl)cc1N/N=C1/C(=O)C(C(=O)Nc2cc(C)c(NC(=O)C3=Cc4ccccc4/C(=N/Nc4c(C)cccc4C(=O)OCCCl)C3=O)cc2C)=Cc2ccccc21,0.5189873417721519,Cc1ccccc1NC(=O)C1=Cc2ccccc2/C(=N\Nc2cc(Cl)c(Cl)cc2Cl)C1=O
Cc1ccc(Cl)cc1N/N=C1\C(=O)C(C(=O)Nc2cc(C)c(NC(=O)C3=Cc4ccccc4/C(=N\Nc4cc(Cl)ccc4C)C3=O)cc2C)=Cc2ccccc21,0.6984126984126984,Cc1ccccc1NC(=O)C1=Cc2ccccc2/C(=N/Nc2ccc(Cl)cc2[N+](=O)[O-])C1=O
Cc1ccc(N2C(=O)N(c3ccc(C)c(N=C=O)c3)C2=O)cc1N=C=O,0.4444444444444444,Cc1cc(-c2ccc(N=C=O)c(C)c2)ccc1N=C=O
Cc1ccc(N=c2sccn2C)c(C)c1,0.3235294117647059,Cc1ccc(C)c(C)c1
Cc1ccc(NC(=O)C(O)(O)C(=O)Nc2ccc(C)cc2)cc1,0.5925925925925926,CC(=O)Nc1ccc(C)cc1
Cc1ccc(Nc2cc(C(=O)O)c(Nc3ccc(C)cc3)cc2C(=O)O)cc1,0.5,Cc1cccc(Nc2ccccc2C(=O)O)c1
Cc1ccc(S(=O)(=O)NC(=O)NC2CCCCC2)cc1,0.5952380952380952,Cc1ccc(S(=O)(=O)NC(=O)NN2CCCCCC2)cc1
Cc1ccc(S(=O)(=O)Nc2cc(S(=O)(=O)O)cc3c2C(=O)/C(=N/Nc2ccc(Oc4ccccc4C)cc2Oc2ccccc2C)C(S(=O)(=O)O)=C3)cc1,0.6923076923076923,Cc1ccc(S(=O)(=O)Nc2cc(S(=O)(=O)O)cc3c2C(=O)/C(=N/Nc2cc(Cl)ccc2Oc2ccccc2)C(S(=O)(=O)O)=C3)cc1
Cc1ccc2[nH]c3cc4c(=O)c5cc(C)ccc5[nH]c4cc3c(=O)c2c1,0.5,Cc1ccc2[nH]c(=O)c(=O)[nH]c2c1
Cc1ccc2c(c1)Oc1ncc(N)cc1C(=O)N2C,0.5,Cc1ccc2c(c1)C(=O)N(C)c1cc(N)ccc1O2
Cc1ccc2c3c1CCCC3CN(C(N)=NO)C2,0.21568627450980393,Cc1cccc2c1Cc1ccccc1-2
Cc1ccc2ccccc2c1NS(=O)(=O)c1ccc(N)cc1,0.4888888888888889,Cc1ccc(Cl)cc1NS(=O)(=O)c1ccc(N)cc1
Cc1ccc2nc(-c3ccc(N=Nc4ccc(-c5nc6ccc(C)c(S(=O)(=O)O)c6s5)cc4)cc3)sc2c1S(=O)(=O)O,0.75,Cc1ccc2nc(-c3ccc(N)cc3)sc2c1S(=O)(=O)O
Cc1ccc2nc(-c3ccc(NC(=O)/C(C#N)=C/c4ccc(N(C)CCS(=O)(=O)O)cc4)cc3)sc2c1S(=O)(=O)O,0.4520547945205479,Cc1ccc2nc(-c3ccc(N)cc3)sc2c1S(=O)(=O)O
Cc1cccc(C)c1N(C(=O)CCl)C1CCOC1=O,0.4716981132075472,O=C1OCCC1N(C(=O)C1CC1)c1cccc(Cl)c1
Cc1cccc(C)c1N(Cn1cccn1)C(=O)CCl,0.5106382978723404,COCCN(C(=O)CCl)c1c(C)cccc1C
Cc1cccc(CN2CCN(C(c3ccccc3)c3ccc(Cl)cc3)CC2)c1,0.32608695652173914,Cc1cccc(CO)c1
Cc1cccc(N(O)C(=O)CCc2ccccc2)c1,0.4634146341463415,CCOC(=O)CCc1ccccc1
Cc1cccc(N(c2ccccc2)c2ccc(-c3ccc(N(c4ccccc4)c4cccc(C)c4)cc3)cc2)c1,0.42857142857142855,Cc1ccc(-c2ccccc2)cc1
Cc1cccc2sc3nncn3c12,0.2682926829268293,Cc1cccc(C(=O)O)c1O
Cc1ccccc1COC1CC2(C(C)C)CCC1(C)O2,0.29545454545454547,CCc1ccccc1C
Cc1ccccc1N(O)C(=O)CCc1ccccc1,0.5,CCOC(=O)CCc1ccccc1
Cc1ccccc1N=C(N)Nc1ccccc1C,0.5142857142857142,Cc1ccccc1N=C(N)N=C(N)N
Cc1ccccc1NC(=O)C(=O)C(=O)Nc1ccccc1C,0.5806451612903226,CC(=O)CC(=O)Nc1ccccc1C
Cc1ccccc1NC(=O)CC(=O)CN=Nc1ccc(S(=O)(=O)O)cc1[N+](=O)[O-],0.40625,Cc1ccc(C(=O)Nc2ccc(S(=O)(=O)O)cc2)cc1[N+](=O)[O-]
Cc1ccccc1OCC1CO1,0.45714285714285713,Cc1ccccc1OCC(=O)O
Cc1ccccc1Oc1ccccc1N/N=C1/C(=O)c2c(cc(S(=O)(=O)O)cc2NC(=O)c2ccccc2)C=C1S(=O)(=O)O,0.6029411764705882,CC(=O)Nc1cc(S(=O)(=O)O)cc2c1C(=O)/C(=N/Nc1ccccc1)C(S(=O)(=O)O)=C2
Cc1ccnc(NC(=O)c2cnccn2)n1,0.4473684210526316,NC(=O)c1cnccn1
Cc1ccnc(NS(=O)(=O)c2ccc(N)cc2)n1,0.5476190476190477,Cc1csc(NS(=O)(=O)c2ccc(N)cc2)n1
Cc1cnc(C(=O)NCCc2ccc(S(=O)(=O)NC(=O)NC3CCCCC3)cc2)cn1,0.34375,CCCCNC(=O)NS(=O)(=O)c1ccc(C)cc1
Cc1cnc(NC(=O)C2=C(O)c3ccccc3S(=O)(=O)N2C)s1,0.25925925925925924,CC1=CS(=O)(=O)c2ccccc21
Cc1cnc(NS(=O)(=O)c2ccc(N)cc2)nc1,0.5121951219512195,Cc1ccc(NS(=O)(=O)c2ccc(N)cc2)c(Cl)c1
Cc1cnc(NS(=O)(=O)c2ccc(N)cc2)nc1C,0.5,CC12CCC(c3cnc(NS(=O)(=O)c4ccc(N)cc4)nc31)C2(C)C
Cc1nc(=O)c2cc([N+](=O)[O-])ccc2[nH]1,0.5,O=c1[nH]c2ccc([N+](=O)[O-])cc2[nH]1
Cc1nc2n(c(=O)c1CCCl)CCCC2,0.2698412698412698,C#CCOc1cc(-n2nc3n(c2=O)CCCC3)c(Cl)cc1Cl
Cc1nccc2c1[nH]c1ccccc12,0.3783783783783784,Cc1cc(=O)c2ccccc2[nH]1
Cc1ncnc2c(O)cccc12,0.42857142857142855,Cc1cc2cccc(O)c2nc1C
Cc1nn(-c2ccccc2)c(C)c1N=O,0.3170731707317073,CC1=NN(c2ccccc2)C(=O)C1
Cc1nn(-c2ccccc2)c(N)c1C,0.35,Nc1cnn(-c2ccccc2)c(=O)c1Br
Cc1nn(-c2ccccc2)c(O)c1N=Nc1c(O)cc(S(=O)(=O)O)c2ccccc12,0.4745762711864407,O=S(=O)(O)c1cc(O)c(N=Nc2ccc3cccc(S(=O)(=O)O)c3c2O)c2ccccc12
Cc1nn(C)c(OCC(=O)c2ccccc2)c1C(=O)c1ccc(Cl)cc1Cl,0.35294117647058826,O=C(O)c1ccc(Cl)cc1Cl
Cc1nn(C)c(Oc2ccccc2)c1/C=N/OCc1ccc(C(=O)OC(C)(C)C)cc1,0.3064516129032258,O=C(OCc1ccccc1)c1ccc(O)cc1
Cc1nnc(-c2ccccc2)c(=O)n1N,0.3409090909090909,Cc1ccccc1-n1c(C)nc2ccccc2c1=O
Cc1nnc(N)nc1C,0.34782608695652173,Cc1cc(C)nc(N)n1
Cc1nnc(SCC2=C(C(=O)O)N3C(=O)C(NC(=O)Cn4cnnn4)C3SC2)s1,0.49411764705882355,Cn1nnnc1SCC1=C(C(=O)O)N2C(=O)C(NC(=O)C(O)c3ccccc3)C2SC1
Cc1noc(NS(=O)(=O)c2ccc(N)cc2)c1C,0.4772727272727273,Cc1csc(NS(=O)(=O)c2ccc(N)cc2)n1
Cc1onc(-c2ccccc2)c1-c1ccc(S(N)(=O)=O)cc1,0.4166666666666667,NS(=O)(=O)c1ccccc1
ClC(Cl)=C(c1ccc(Cl)cc1)c1ccc(Cl)cc1,0.4782608695652174,O=C(O)c1ccc(Cl)cc1
ClC(Cl)=C(c1ccc(Cl)cc1)c1ccccc1Cl,0.42857142857142855,O=C(O)c1ccccc1C(=O)c1ccc(Cl)cc1
ClC1=C(Cl)C(Cl)(C2(Cl)C(Cl)=C(Cl)C(Cl)=C2Cl)C(Cl)=C1Cl,0.5714285714285714,ClC1=C(Cl)C(Cl)(Cl)C(Cl)=C1Cl
ClC1=C(Cl)C2(Cl)C3C(Cl)C=CC3C1(Cl)C2(Cl)Cl,0.42424242424242425,ClC1=C(Cl)C2(Cl)C3C(Cl)C(Cl)CC3C1(Cl)C2(Cl)Cl
ClC1=C(Cl)C2(Cl)C3C4C=CC(C4)C3C1(Cl)C2(Cl)Cl,0.4838709677419355,ClC1=C(Cl)C2(Cl)C3C(Cl)C(Cl)CC3C1(Cl)C2(Cl)Cl
ClC1=C(Cl)C2(Cl)C3C4CC(C5OC45)C3C1(Cl)C2(Cl)Cl,0.45454545454545453,ClC1=C(Cl)C2(Cl)C3C(Cl)C(Cl)CC3C1(Cl)C2(Cl)Cl
ClC1=C(Cl)C2(Cl)C3CC=CC3C1(Cl)C2(Cl)Cl,0.4411764705882353,ClC1=C(Cl)C2(Cl)C3C(Cl)C(Cl)CC3C1(Cl)C2(Cl)Cl
Clc1c(Cl)c(Cl)c2nccnc2c1Cl,0.35714285714285715,Clc1c(Cl)c(Cl)c(Cl)c(Cl)c1Cl
Clc1cc(Cl)cc(C2(CC(Cl)(Cl)Cl)CO2)c1,0.3076923076923077,Clc1cc(Cl)cc(Cl)c1
Clc1cc(Cl)nc(-c2ccccc2)n1,0.4074074074074074,Clc1cc(Cl)c(-c2ccccc2)c(Cl)c1
Clc1ccc(C2(Cn3cncn3)CC(Br)CO2)c(Cl)c1,0.6037735849056604,Clc1ccc(C2(Cn3cncn3)OCCO2)c(Cl)c1
Clc1nc(Cl)nc(Nc2ccccc2Cl)n1,0.38235294117647056,CC(=O)Nc1ccccc1Cl
Cn1c(=O)c2n[se]nc2n(C)c1=O,0.5517241379310345,Cn1c(=O)c2nc3c(=O)n(C)c(=O)n(C)c3nc2n(C)c1=O
Cn1c(=O)ncc2[nH]c(=O)[nH]c21,0.3333333333333333,O=c1[nH]c2ccccc2[nH]1
Cn1c(=O)on(-c2ccc(Cl)c(Cl)c2)c1=O,0.3157894736842105,Cn1c(N)cc(=O)n(C)c1=O
Cn1cc2nccnc2nc1=O,0.4,Cn1cnc2nccnc2c1=O
Cn1ccc2cc3c(Nc4cccc(Br)c4)ncnc3cc21,0.24489795918367346,Cc1cccc(Br)c1
Cn1cnc2c(=O)n(C)c(=O)n(C)c2c1=O,0.5454545454545454,Cn1c(=O)c2c(ncn2C)n(C)c1=O
Cn1ncc2cc3c(Nc4cccc(Br)c4)ncnc3cc21,0.2413793103448276,CCCCCCCCCc1cccc(Nc2cccc(CCCCCCCCC)c2)c1
FC(F)(F)N=C1SC(=Nc2ccccc2)N(c2ccccc2)C1=NC(F)(F)F,0.24074074074074073,O=C1c2ccc3c4ccc5c6c(ccc(c7ccc(c2c37)C(=O)N1c1ccc(N=Nc2ccccc2)cc1)c64)C(=O)N(c1ccc(N=Nc2ccccc2)cc1)C5=O
FC1(F)C(F)(F)C(F)(F)C2(F)C(F)(F)C(F)(F)C(F)(F)C(F)(F)C2(F)C1(F)F,0.625,FC1(F)C(F)(F)C(F)(F)C1(F)F
Fc1ccc(C(c2ccc(F)cc2)N2CCNCC2)cc1,0.32,Fc1ccc(F)cc1
Fc1ccc(Oc2ccnc3cc(Cl)cc(Cl)c23)cc1,0.40476190476190477,Clc1ccc(Oc2cc(Cl)cc(Cl)c2Cl)cc1
Fc1ccc2c(c1)CC[C@@H]([C@@H]1CO1)O2,0.23529411764705882,Fc1cccc(F)c1
Fc1cccc(F)c1C1SCc2nc3ccccc3n21,0.2857142857142857,Nc1c2ccccc2nc2c(F)cccc12
N#CC(=C1CCCCC1)c1ccccc1,0.325,N#CCO/N=C(\C#N)c1ccccc1
N#CC(CCc1ccc(Cl)cc1)(Cn1cncn1)c1ccccc1,0.6538461538461539,CCCCC(C#N)(Cn1cncn1)c1ccc(Cl)cc1
N#CC1(N2CCCCC2)CCN(Cc2ccccc2)CC1,0.3076923076923077,N#CCc1ccccc1
N#CCCN(CCOC(=O)c1ccccc1)c1ccc(N=Nc2ccc([N+](=O)[O-])cc2)cc1,0.75,CC(=O)OCCN(CCC#N)c1ccc(N=Nc2ccc([N+](=O)[O-])cc2)cc1
N#CN=C1NCCN1Cc1ccc(Cl)nc1,0.3888888888888889,CC(=NC#N)N(C)Cc1ccc(Cl)nc1
N#Cc1c(O)[nH]c(Cl)cc1=O,0.30303030303030304,N#Cc1c(Cl)cccc1Cl
N#Cc1nn(-c2c(Cl)cc(C(F)(F)F)cc2Cl)c(N)c1[S+]([O-])C(F)(F)F,0.34782608695652173,Nc1c(Cl)cc(C(F)(F)F)cc1Cl
N12[Si]34N5[Si]16N3[Si]25N46,0.1,CC#N
N=C(N)c1ccc(CCc2ccc(C(=N)N)o2)o1,0.2903225806451613,NCCc1ccc(O)cc1
N=C1C=CC2=CC(S(=O)(=O)O)=CC(=O)C2=C1NNc1ccccc1S(=O)(=O)c1ccccc1,0.5352112676056338,CC(C)(c1ccc(OS(=O)(=O)c2cccc(NNC3=C4C(=O)C=C(S(=O)(=O)O)C=C4C=CC3=N)c2)cc1)c1ccc(OS(=O)(=O)c2cccc(NNC3=C4C(=O)C=C(S(=O)(=O)O)C=C4C=CC3=N)c2)cc1
NC(=NO)N1Cc2cccc3c2C(CCC3)C1,0.2459016393442623,O=c1c(C2CCCc3ccccc32)c(O)oc2ccccc12
NC(=Nc1ccccc1)Nc1ccccc1,0.5,NC(=S)Nc1ccccc1
NC(=O)N1c2ccccc2C(O)C(O)c2ccccc21,0.3333333333333333,NC(=O)c1ccccc1C(N)=O
NC(=O)Nc1cc(Nc2nc(N)nc(Cl)n2)ccc1N=Nc1cc2c(S(=O)(=O)O)cc(S(=O)(=O)O)cc2cc1S(=O)(=O)O,0.7088607594936709,NC(=O)Nc1cc(Nc2nc(Cl)nc(Nc3cccc(S(=O)(=O)CCOS(=O)(=O)O)c3)n2)ccc1N=Nc1cc2c(S(=O)(=O)O)cc(S(=O)(=O)O)cc2cc1S(=O)(=O)O
NC(Cc1[nH]nc2ccccc12)C(=O)O,0.4864864864864865,NC(Cc1ccccc1)C(=O)O
NC1=CC(=O)C(=O)c2ccccc21,0.5,O=C1c2ccccc2C(=O)c2ccccc21
NC1=NC(N)C(=O)C(=O)N1,0.24,O=C1NC(=O)C(=O)N1
NC1CCC(CC2CCC(N)CC2)CC1,0.5,NC1CC1
NNc1nncc2ccccc12,0.36363636363636365,c1ccc2c(c1)cnc1ccccc12
NS(=O)(=O)c1cc2c(s1)C(=O)CCS2,0.5121951219512195,NS(=O)(=O)c1cc2c(s1)C(=O)CCS2(=O)=O
NS(=O)(=O)c1cc2c(s1)C(O)CCS2(=O)=O,0.5116279069767442,NS(=O)(=O)c1cc2c(s1)C(=O)CCS2(=O)=O
NS(=O)(=O)c1cc2c(s1)CC(O)CS2(=O)=O,0.43478260869565216,NS(=O)(=O)c1cc2c(s1)C(=O)CCS2(=O)=O
NS(=O)(=O)c1cc2c(s1)S(=O)(=O)CCC2=O,0.6,NS(=O)(=O)c1cc2c(s1)C(=O)CCS2(=O)=O
NS(=O)(=O)c1cc2cc(CNCc3ccccn3)sc2o1,0.3125,NCc1ccccn1
NS(=O)(=O)c1ccc(NC2O[C@H](CO)[C@@H](O)[C@H](O)[C@@H]2O)cc1,0.4146341463414634,NS(=O)(=O)c1ccc(NO)cc1
NS(=O)(=O)c1ccc(Nc2ccnc(NS(=O)(=O)Cc3ccccc3)n2)cc1,0.5254237288135594,NS(=O)(=O)c1ccc(Nc2ccnc(NC(=O)c3cccnc3)n2)cc1
NS(=O)(=O)c1ccc(Nc2ccnc(NS(=O)(=O)c3c(F)c(F)c(F)c(F)c3F)n2)cc1,0.5172413793103449,NS(=O)(=O)c1ccc(Nc2ccnc(NC(=O)c3cccnc3)n2)cc1
NS(=O)(=O)c1ccc(Nc2ccnc(NS(=O)(=O)c3ccc(Br)cc3)n2)cc1,0.5263157894736842,NS(=O)(=O)c1ccc(Nc2ccnc(NC(=O)c3cccnc3)n2)cc1
NS(=O)(=O)c1ccc(Nc2ccnc(NS(=O)(=O)c3cccc(C(F)(F)F)c3)n2)cc1,0.484375,NS(=O)(=O)c1ccc(Nc2ccnc(NC(=O)c3cccnc3)n2)cc1
NS(=O)(=O)c1ccc(Nc2ccnc(NS(=O)(=O)c3ccccc3)n2)cc1,0.5636363636363636,NS(=O)(=O)c1ccc(Nc2ccnc(NC(=O)c3cccnc3)n2)cc1
NS(=O)(=O)c1nnc(NC(=O)c2c(F)c(F)c(F)c(F)c2F)s1,0.6052631578947368,CC(=O)Nc1nnc(S(N)(=O)=O)s1
NS(=O)(=O)c1nnc(NS(=O)(=O)Cc2ccccc2)s1,0.675,NS(=O)(=O)c1nnc(NS(=O)(=O)c2ccccc2)s1
Nc1[nH]c(=O)[nH]c2nc(=O)[nH]c1-2,0.28205128205128205,CCc1nc2nc(N)[nH]c(=O)c2nc1CC
Nc1c(N=Nc2cc(Nc3nc(Cl)nc(Nc4cccc(S(=O)(=O)O)c4)n3)ccc2S(=O)(=O)O)c(S(=O)(=O)O)cc2c1C(=O)/C(=N\Nc1cc(Nc3nc(Cl)nc(Nc4cccc(S(=O)(=O)O)c4)n3)ccc1S(=O)(=O)O)C(S(=O)(=O)O)=C2,0.5764705882352941,O=C1/C(=N\Nc2ccccc2S(=O)(=O)O)C(S(=O)(=O)O)=Cc2cc(S(=O)(=O)O)cc(Nc3nc(Cl)nc(Nc4ccc(Nc5nc(Cl)nc(Nc6cc(S(=O)(=O)O)cc7c6C(=O)/C(=N\Nc6ccccc6S(=O)(=O)O)C(S(=O)(=O)O)=C7)n5)cc4)n3)c21
Nc1c(N=Nc2ccc(S(=O)(=O)CCOS(=O)(=O)O)cc2)c(S(=O)(=O)O)cc2c1C(=O)/C(=N/Nc1cc(Nc3nc(F)nc(F)c3Cl)ccc1S(=O)(=O)O)C(S(=O)(=O)O)=C2,0.4716981132075472,O=C1/C(=N/Nc2ccc(S(=O)(=O)CCOS(=O)(=O)O)cc2)C(S(=O)(=O)O)=Cc2cc(S(=O)(=O)O)cc(Nc3nc(Cl)nc(Nc4cccc(S(=O)(=O)O)c4)n3)c21
Nc1c(N=Nc2ccc(S(=O)(=O)CCOS(=O)(=O)O)cc2)c(S(=O)(=O)O)cc2c1C(=O)/C(=N\Nc1ccc(S(=O)(=O)CCOS(=O)(=O)O)cc1)C(S(=O)(=O)O)=C2,0.56,CC(=O)Nc1ccc2c(c1)C(=O)/C(=N/Nc1ccc(S(=O)(=O)CCOS(=O)(=O)O)cc1)C(S(=O)(=O)O)=C2
Nc1c(N=Nc2ccc([N+](=O)[O-])cc2)c(S(=O)(=O)O)cc2c1C(=O)/C(=N/Nc1ccccc1)C(S(=O)(=O)O)=C2,0.5070422535211268,Nc1ccc2c(c1)C=C(S(=O)(=O)O)/C(=N/Nc1ccc(N=Nc3ccc(S(=O)(=O)O)cc3)cc1)C2=O
Nc1c(OCCOC(=O)Oc2ccccc2)cc(O)c2c1C(=O)c1ccccc1C2=O,0.7450980392156863,CCOC(=O)OCCOc1cc(O)c2c(c1N)C(=O)c1ccccc1C2=O
Nc1c(S(=O)(=O)O)cc(Nc2ccc(S(=O)(=O)O)c(Nc3nc(Cl)nc(Cl)n3)c2)c2c1C(=O)c1ccccc1C2=O,0.6296296296296297,Nc1c(S(=O)(=O)O)cc(Nc2ccccc2)c2c1C(=O)c1ccccc1C2=O
Nc1cc(=O)nc(N)[nH]1,0.34375,Nc1nc(=O)c2[nH]c(=O)c(=O)[nH]c2[nH]1
Nc1ccc(/N=N/c2ccccc2)c(N)n1,0.4666666666666667,Nc1ccc(N=Nc2ccccc2)cc1
Nc1ccc(C#Cc2ccc(N)cc2)cc1,0.5789473684210527,N#Cc1ccc(N)cc1
Nc1ccc(N=Nc2ccc(N=Nc3c(S(=O)(=O)O)cc4c(c3N)C(=O)/C(=N/Nc3ccccc3)C(S(=O)(=O)O)=C4)cc2)c(N)c1,0.5294117647058824,Nc1ccc2c(c1)C=C(S(=O)(=O)O)/C(=N\Nc1ccc3c(c1)C=C(S(=O)(=O)O)/C(=N/Nc1ccccc1)C3=O)C2=O
Nc1ccc(N=Nc2ccc(N=Nc3c(S(=O)(=O)O)cc4c(c3N)C(=O)/C(=N\Nc3ccc(N=Nc5ccc(N)cc5N)cc3)C(S(=O)(=O)O)=C4)cc2)c(N)c1,0.5757575757575758,Nc1ccc2c(c1)C=C(S(=O)(=O)O)/C(=N/Nc1ccc(N=Nc3ccc(S(=O)(=O)O)cc3)cc1)C2=O
Nc1ccc(N=Nc2ccccc2)c(N)n1,0.4666666666666667,Nc1ccc(N=Nc2ccccc2)cc1
Nc1ccc(OP(=S)(Oc2ccc(N)cc2)Oc2ccc(N)cc2)cc1,0.6666666666666666,CCOP(=S)(OCC)Oc1ccc(N)cc1
Nc1ccc(S(=O)(=O)NC(=O)c2ccccc2)cc1,0.6060606060606061,NC(=O)NS(=O)(=O)c1ccc(N)cc1
Nc1ccc(S(=O)(=O)Nc2ccc(I)nc2)cc1,0.6388888888888888,Nc1ccc(S(=O)(=O)Nc2ccc(I)cc2)cc1
Nc1ccc(S(=O)(=O)Nc2cnc3ccccc3n2)cc1,0.5,Cn1ccc(NS(=O)(=O)c2ccc(N)cc2)nc1=O
Nc1ccc(S(=O)(=O)Nc2ncccn2)cc1,0.5675675675675675,Nc1ccc(S(=O)(=O)Nc2nccs2)cc1
Nc1ccc2c(O)c(N=Nc3ccc(N=Nc4ccc(S(=O)(=O)O)cc4)cc3)c(S(=O)(=O)O)cc2c1,0.5625,O=S(=O)(O)c1ccc(N=Nc2c(O)ccc3cc(S(=O)(=O)O)ccc23)cc1
Nc1ccc2snnc2c1,0.41379310344827586,Nc1ccc2cc3ccc(N)cc3nc2c1
Nc1nc(-c2ccc3ccccc3c2)cs1,0.41935483870967744,Nc1ccc2ccccc2c1
Nc1nc(=O)c(O[C@@H]2O[C@H](CO)[C@@H](O)[C@H](O)[C@H]2O)c(N)[nH]1,0.42857142857142855,OCC1OC(Oc2ccccc2)C(O)C(O)C1O
Nc1nc(=O)n(-c2ccccc2)[nH]1,0.5757575757575758,Nc1nc(=O)[nH]n1-c1ccccc1
Nc1nc(O)c2ncn(C3C=CC(CO)C3)c2n1,0.3125,Nc1nc2c(ncn2C2OC(CO)C(O)C2O)c(=O)[nH]1
Nc1nc2[nH]cc(CCc3ccc(C(=O)O)cc3)c2c(=O)[nH]1,0.3469387755102041,CCCCc1ccc(C(=O)O)cc1
Nc1nc2[nH]cnc2c(=S)[nH]1,0.48484848484848486,Nc1nc(N)c2nc[nH]c2n1
Nc1nc2c(ncn2COCCOC(=O)c2ccc(CN3CCOCC3)cc2)c(=O)[nH]1,0.41975308641975306,Cc1ncc([N+](=O)[O-])n1CCOC(=O)c1ccc(CN2CCOCC2)cc1
Nc1nnc(-c2ccc(O)cc2)o1,0.4,Oc1ccc(-c2ccc(O)cc2)cc1
O=C(/C=C/c1ccc(O)c(O)c1)O[C@@H]1C[C@](O)(C(=O)O)C[C@@H](O)[C@H]1O,0.391304347826087,O=C(O)C1(O)CC(O)C(O)C(O)C1
O=C(/C=C/c1ccccc1)OCCc1ccccc1,0.7058823529411765,O=C(/C=C/c1ccccc1)OCc1ccccc1
O=C(C1CCCC1)N(O)C1CCCCC1,0.9090909090909091,O=C(C1CC1)N(O)C1CCCCC1
O=C(C1CCCCC1)N1CC(=O)N2CCc3ccccc3C2C1,0.2962962962962963,O=C1CC(C(=O)O)Cc2ccccc21
O=C(CC(=O)c1ccccc1)c1ccccc1,0.7272727272727273,CC(=O)CC(=O)c1ccccc1
O=C(COC(=O)c1ccccc1)NC1CCCCC1,0.5641025641025641,CNC(=O)COC(=O)c1ccccc1
O=C(Cn1ccnc1[N+](=O)[O-])NCc1ccccc1,0.40425531914893614,O=C(CCCl)NCc1ccccc1
O=C(NC(=O)c1c(F)cccc1F)Nc1cc(Cl)c(Oc2ncc(C(F)(F)F)cc2Cl)c(Cl)c1,0.6,O=C(NC(=O)c1c(F)cccc1F)Nc1cc(Cl)c(OC(F)(F)C(F)F)c(Cl)c1
O=C(NC(=O)c1cccnc1)Nc1ccccc1,0.5405405405405406,NNC(=O)c1cccnc1
O=C(NNC(=O)c1ccccc1)c1ccccc1,0.7391304347826086,O=C(NNC(=O)c1ccncc1)c1ccccc1
O=C(Nc1cc(Cl)c(NC(=O)C2=Cc3ccccc3/C(=N\Nc3cc(C(F)(F)F)ccc3Cl)C2=O)cc1Cl)C1=Cc2ccccc2/C(=N/Nc2cc(C(F)(F)F)ccc2Cl)C1=O,0.6721311475409836,Cc1ccccc1NC(=O)C1=Cc2ccccc2/C(=N\Nc2cc(Cl)c(Cl)cc2Cl)C1=O
O=C(Nc1cc(Cl)c(NC(=O)C2=Cc3ccccc3/C(=N\Nc3cc(Cl)ccc3Cl)C2=O)cc1Cl)C1=Cc2ccccc2/C(=N/Nc2cc(Cl)ccc2Cl)C1=O,0.8269230769230769,O=C(Nc1ccccc1)C1=Cc2ccccc2/C(=N\Nc2cc(Cl)ccc2Cl)C1=O
O=C(Nc1ccc(Cc2ccc(NC(=O)NC3CCCCC3)cc2)cc1)NC1CCCCC1,0.4318181818181818,CC1CCCCC1NC(=O)Nc1ccccc1
O=C(Nc1ccc(Cl)cc1C(O)c1ccccc1)c1ccncc1,0.4222222222222222,O=C(NNC(=O)c1ccncc1)c1ccccc1
O=C(Nc1ccc(NC(=O)C2=Cc3ccccc3/C(=N\Nc3cc(Cl)ccc3Cl)C2=O)c(Cl)c1)C1=Cc2ccccc2/C(=N\Nc2cc(Cl)ccc2Cl)C1=O,0.8181818181818182,O=C(Nc1ccccc1)C1=Cc2ccccc2/C(=N\Nc2cc(Cl)ccc2Cl)C1=O
O=C(Nc1ccc2[nH]c(=O)[nH]c2c1)C1=Cc2ccccc2/C(=N/Nc2cc(Cl)ccc2Cl)C1=O,0.75,O=C(Nc1ccccc1)C1=Cc2ccccc2/C(=N\Nc2cc(Cl)ccc2Cl)C1=O
O=C(Nc1ccc2c(c1)C=C(S(=O)(=O)O)/C(=N/Nc1ccc(N=Nc3ccc(S(=O)(=O)O)cc3)cc1)C2=O)c1ccccc1,0.7,Nc1ccc2c(c1)C=C(S(=O)(=O)O)/C(=N/Nc1ccc(N=Nc3ccc(S(=O)(=O)O)cc3)cc1)C2=O
O=C(Nc1cccc2c(NC(=O)C3=Cc4ccccc4/C(=N\Nc4cccc(Cl)c4Cl)C3=O)cccc12)C1=Cc2ccccc2/C(=N/Nc2cccc(Cl)c2Cl)C1=O,0.6333333333333333,Cc1ccccc1NC(=O)C1=Cc2ccccc2/C(=N\Nc2cc(Cl)c(Cl)cc2Cl)C1=O
O=C(Nc1ccccc1)C(O)(O)C(=O)Nc1ccccc1,0.6206896551724138,O=C(O)CC(O)(CC(=O)O)C(=O)Nc1ccccc1
O=C(Nc1ccccc1)N(Cc1ccc(Cl)cc1)C1CCCC1,0.4,CN(C)C(=O)Nc1ccc(Cl)cc1
O=C(Nc1ccccc1)Nc1ccccc1NS(=O)(=O)c1ccccc1,0.5135135135135135,O=S(=O)(Nc1ccccc1Cl)c1ccccc1
O=C(Nc1ncccn1)c1cnccn1,0.5,NC(=O)c1cnccn1
O=C(O)C(NCCCCCNC(C(=O)O)c1ccccc1)c1ccccc1,0.43333333333333335,O=C(O)C(c1ccccc1)c1ccccc1
O=C(O)C(Oc1ccccc1Cl)Oc1ccccc1Cl,0.6774193548387096,CC(Oc1ccccc1Cl)C(=O)O
O=C(O)C(SCCSC(C(=O)O)c1ccccc1)c1ccccc1,0.7142857142857143,CCSC(C(=O)O)c1ccccc1
O=C(O)C1=CCCc2ccccc21,0.4,O=C(O)c1ccccc1-c1ccccc1C(=O)O
O=C(O)C1CCC(=O)N1CN1C(=O)CCC1C(=O)O,0.45,CCCCCCCCCCCCCCCC(=O)N1C(=O)CC[C@H]1C(=O)O
O=C(O)C1CCC(C(=O)O)SS1,0.42105263157894735,O=C(O)C1CCC(C(=O)O)CC1
O=C(O)C1CCC(C(=O)O)[Se]1,0.42105263157894735,O=C(O)C1CCC(C(=O)O)CC1
O=C(O)CN1C(=O)NC(=O)C1Cc1ccccc1,0.3611111111111111,O=C(O)Cc1ccccc1
O=C(O)Cn1ccc2cc3c(Nc4cccc(Br)c4)ncnc3cc21,0.2631578947368421,O=C(O)c1cccc(Br)c1
O=C(O)[C@@H]1CC[C@H](C(=O)O)SS1,0.42105263157894735,O=C(O)C1CCC(C(=O)O)CC1
O=C(O)[C@H]1CC[C@H](C(=O)O)SS1,0.42105263157894735,O=C(O)C1CCC(C(=O)O)CC1
O=C(O)[C@H]1CC[C@H](C(=O)O)[Se][Se]1,0.42105263157894735,O=C(O)C1CCC(C(=O)O)CC1
O=C(O)c1cc(=O)c2cc3c(cc2o1)CCCC3,0.4,O=C(O)c1cc(=O)cc(C(=O)O)o1
O=C(O)c1cc(Nc2ccccc2)c(C(=O)O)cc1Nc1ccccc1,0.7037037037037037,O=C(O)c1ccccc1Nc1ccccc1
O=C(O)c1cc(S(=O)(=O)O)ccc1NN/C(=N\Nc1cc(S(=O)(=O)O)cc(Nc2nc(Cl)nc(N=C3C=C(S(=O)(=O)O)C(=Nc4nc(Cl)nc(Nc5cccc(S(=O)(=O)O)c5)n4)C=C3S(=O)(=O)O)n2)c1O)c1ccccc1,0.3888888888888889,O=C1/C(=N/Nc2ccc(S(=O)(=O)CCOS(=O)(=O)O)cc2)C(S(=O)(=O)O)=Cc2cc(S(=O)(=O)O)cc(Nc3nc(Cl)nc(Nc4cccc(S(=O)(=O)O)c4)n3)c21
O=C(O)c1ccc(P(=O)(O)c2ccccc2)cc1,0.5217391304347826,O=C(O)c1ccc(C(=O)O)cc1
O=C(O)c1ccc(P(=O)(c2ccccc2)c2ccc(C(=O)O)cc2)cc1,0.5454545454545454,O=C(O)c1ccc(C(=O)O)cc1
O=C(O)c1ccc[n+](-c2nc(NCCNc3ccc4c(c3S(=O)(=O)[O-])Oc3c(Cl)c5c(c(Cl)c3=N4)Oc3c(ccc(NCCNc4nc(Nc6cc(S(=O)(=O)O)ccc6S(=O)(=O)O)nc(-[n+]6cccc(C(=O)O)c6)n4)c3S(=O)(=O)[O-])N=5)nc(Nc3cc(S(=O)(=O)O)ccc3S(=O)(=O)O)n2)c1,0.6071428571428571,O=S(=O)(O)c1ccc(Nc2nc(Cl)nc(NCCNc3ccc4c(c3S(=O)(=O)O)Oc3c(Cl)c5c(c(Cl)c3=N4)Oc3c(ccc(NCCNc4nc(Cl)nc(Nc6ccc(S(=O)(=O)O)cc6S(=O)(=O)O)n4)c3S(=O)(=O)O)N=5)n2)c(S(=O)(=O)O)c1
O=C(O)c1ccccc1C(=O)c1ccc(-c2ccccc2)cc1,0.7142857142857143,O=C(O)c1ccccc1C(=O)c1ccc(O)cc1
O=C(O)c1ccccc1C(c1ccc(O)cc1)c1ccc(O)cc1,0.53125,O=C(O)c1ccccc1C(C(=O)O)c1ccccc1C(=O)O
O=C(OC(=O)c1ccccc1)c1ccccc1,0.6363636363636364,COC(=O)c1ccccc1
O=C(OC1CCCCC1)c1ccccc1O,0.5,COC(=O)c1ccccc1O
O=C(OCC(=O)N(C1CCCCC1)C1CCCCC1)c1ccccc1,0.575,CC(C)N(C(=O)COC(=O)c1ccccc1)C(C)C
O=C(OCC(=O)N1CCC(O)CC1)c1ccccc1,0.7297297297297297,O=C(OCC(=O)N1CCC1)c1ccccc1
O=C(OCC(=O)N1CCCCC1)c1ccccc1,0.90625,O=C(OCC(=O)N1CCC1)c1ccccc1
O=C(OCC1CCC2OC2C1)C1CCC2OC2C1,0.3611111111111111,CCOC(=O)C1CCC(C(=O)OCC)CC1
O=C(OCC1CO1)C1CC=CCC1C(=O)OCC1CO1,0.45714285714285713,C=C(C)C(=O)OCC1CO1
O=C(OCCOCCOC(=O)c1ccccc1)c1ccccc1,0.7777777777777778,O=C(OCCCOCCCOC(=O)c1ccccc1)c1ccccc1
O=C(OCn1ncc2c(=O)[nH]cnc21)c1ccccc1,0.6808510638297872,CC(=O)OCn1ncc2c(=O)[nH]cnc21
O=C(Oc1ccccc1)c1ccccc1C(=O)Oc1ccccc1,0.76,O=C(Oc1ccccc1)c1ccccc1O
O=C(Oc1ccccc1)n1c(=O)[nH]cc(F)c1=O,0.6153846153846154,O=C(c1ccccc1)n1c(=O)[nH]cc(F)c1=O
O=C(c1ccc(F)cc1)C1CCNCC1,0.43333333333333335,O=C(c1ccc(F)cc1)c1ccc(F)cc1
O=C(c1ccc(Oc2ccccc2)cc1)c1ccc(C(=O)c2ccc(Oc3ccccc3)cc2)cc1,0.5909090909090909,O=C(c1ccccc1)c1ccccc1
O=C(c1cccc2ccccc12)N(O)c1ccccc1,0.5882352941176471,O=C(c1ccccc1I)N(O)c1ccccc1
O=C(c1ccccc1)c1ccc2n1CCC2C(=O)O,0.38235294117647056,O=C(c1ccccc1)c1ccccc1
O=C1/C(=C2/Nc3ccccc3C2=O)Nc2ccccc21,0.4583333333333333,O=C1NC(=O)c2ccccc21
O=C1C(=C2Nc3ccccc3C=C2O)C(=O)c2ccccc21,0.35135135135135137,O=C1c2ccccc2C(=O)c2c(O)ccc(O)c21
O=C1C(O)=C(C2CCC(c3ccc(Cl)cc3)CC2)C(=O)c2ccccc21,0.325,O=C1c2ccccc2C(=O)c2c(O)ccc(O)c21
O=C1C(O)=C(O)OC1C(O)CO,0.5625,O=C1OC(C(O)CO)C(O)=C1O
O=C1C(O)=C(O)O[C@@H]1[C@H](O)CO,0.5625,O=C1OC(C(O)CO)C(O)=C1O
O=C1C(S(=O)(=O)O)=C(O)c2ccccc21,0.4583333333333333,O=C1c2ccccc2C(=O)c2ccccc21
O=C1C(S(=O)(=O)O)=Cc2cc(S(=O)(=O)O)ccc2/C1=N\Nc1ccc(S(=O)(=O)O)c2ccccc12,0.6521739130434783,O=C1C(S(=O)(=O)O)=Cc2cc(Nc3ccccc3)ccc2/C1=N/Nc1ccc(N=Nc2ccc(N=Nc3cc(S(=O)(=O)O)ccc3S(=O)(=O)O)c3ccc(S(=O)(=O)O)cc23)c2ccccc12
O=C1C=C(O)C(N=Nc2ccc(N=Nc3ccc(Nc4ccc([N+](=O)[O-])cc4S(=O)(=O)O)cc3)c3c(S(=O)(=O)O)cccc23)=C/C1=N/Nc1ccc(Nc2ccc([N+](=O)[O-])cc2S(=O)(=O)O)cc1,0.46153846153846156,O=[N+]([O-])c1ccc(Nc2ccc(N=Nc3cc(N=Nc4cc(S(=O)(=O)O)cc5cc(S(=O)(=O)O)c(N=Nc6ccc(Nc7ccc([N+](=O)[O-])cc7S(=O)(=O)O)cc6)c(O)c45)c(O)cc3O)cc2)c(S(=O)(=O)O)c1
O=C1C=C(S(=O)(=O)O)c2cc([N+](=O)[O-])ccc2/C1=N\Nc1c(O)ccc2ccccc12,0.375,O=C1C=Cc2ccccc2/C1=N/Nc1ccc([N+](=O)[O-])cc1Cl
O=C1C=C/C(=N\Nc2cc(S(=O)(=O)O)cc3cc(S(=O)(=O)O)cc(O)c23)C(O)=C1,0.42857142857142855,O=C1C=C/C(=N\Nc2ccccc2)C(O)=C1
O=C1C=C2CC3(O)COc4c(ccc(O)c4O)C3=C2C=C1O,0.25,O=C1c2ccccc2C(=O)c2c1ccc(O)c2O
O=C1C=Cc2cc(S(=O)(=O)O)cc(S(=O)(=O)O)c2/C1=N/Nc1ccc(S(=O)(=O)O)c2ccccc12,0.4918032786885246,Cc1cc(S(=O)(=O)O)ccc1N/N=C1/C(=O)C=Cc2ccccc21
O=C1C=Cc2cc(S(=O)(=O)O)ccc2/C1=N\Nc1ccc(N=Nc2ccc(Nc3ccccc3)c(S(=O)(=O)O)c2)c2ccccc12,0.5802469135802469,O=C1C(S(=O)(=O)O)=Cc2cc(Nc3ccccc3)ccc2/C1=N/Nc1ccc(N=Nc2ccc(N=Nc3cc(S(=O)(=O)O)ccc3S(=O)(=O)O)c3ccc(S(=O)(=O)O)cc23)c2ccccc12
O=C1C=Cc2ccccc2/C1=N/Nc1ccc(-c2ccc(N/N=C3\C(=O)C=Cc4ccccc43)cc2S(=O)(=O)O)c(S(=O)(=O)O)c1,0.6122448979591837,O=C1C=Cc2cc(S(=O)(=O)O)ccc2/C1=N\Nc1ccc(S(=O)(=O)O)cc1
O=C1C=Cc2ccccc2/C1=N\Nc1ccc(S(=O)(=O)O)c2ccccc12,0.6226415094339622,Cc1cc(S(=O)(=O)O)ccc1N/N=C1/C(=O)C=Cc2ccccc21
O=C1CC(=O)CC(c2ccccc2)C1,0.37142857142857144,O=C1CC(C(=O)O)Cc2ccccc21
O=C1CC(c2ccccc2)CC(=O)C1[N+](=O)[O-],0.34375,O=[N+]([O-])c1ccccc1
O=C1CC2OCC=C3C[N+]4(O)CCC56c7ccccc7N1C5C2C3CC64,0.6029411764705882,O=C1CC2OCC=C3CN4CCC56c7ccccc7N1C5C2C3CC46
O=C1CCC(=O)O1,0.4666666666666667,O=C1CCO1
O=C1CCCCC1C1=CCCCC1,0.3870967741935484,CC1CCCCC1=O
O=C1CCCCCCC/C=C\CCCCCCO1,0.7391304347826086,O=C1CCCCCCCCCCCCCCO1
O=C1CCCCCCCCCCC(=O)OCCO1,1.0,O=C1CCCCCCCCCCCC(=O)OCCO1
O=C1CCCCCCCCCCC1,1.0,O=C1CCCCC1
O=C1CCCCCCCCCCCCCCCCCN1,1.0,O=C1CCCCCCCCCCCCCCN1
O=C1CCCCCCCCCCCN1,1.0,O=C1CCCCCCCCCCCCCCN1
O=C1CCCCCCCN1,1.0,O=C1CCCCCCCCCCCCCCN1
O=C1CCCCCN1C(=O)NCCCCCCNC(=O)N1CCCCCC1=O,0.42857142857142855,O=C1CCCCCN1C(=O)c1cccc(C(=O)N2CCCCCC2=O)c1
O=C1CCCCCNC(=O)CCCCCNC(=O)CCCCCNC(=O)CCCCCN1,1.0,O=C1CCCCCCCCCCCCCCN1
O=C1CCN(Cc2ccccc2)CC1,0.35714285714285715,ClCc1ccccc1
O=C1Cc2c(ccc3ccccc23)O1,0.40540540540540543,c1ccc2c(c1)Cc1c-2ccc2ccccc12
O=C1Cc2cc(CCCl)c(Cl)cc2N1,0.2571428571428571,O=C1CC(=O)NC(=O)N1
O=C1Cc2ccc(Cl)cc2N1,0.3888888888888889,O=C1OCc2ccc(Cl)cc21
O=C1Cc2cccc(F)c2N1,0.3125,Fc1cccc2ccccc12
O=C1NC(=O)C(=O)C(=O)N1,0.6923076923076923,O=C1NC(=O)C(=O)N1
O=C1NC(=O)C(O)(C2(O)C(=O)NC(=O)NC2=O)C(=O)N1,0.47368421052631576,CC1(C)C(=O)NC(=O)NC1=O
O=C1NC(=O)C(c2ccccc2)(c2ccccc2)C(=O)N1,0.5555555555555556,O=C1NC(=O)C(c2ccccc2)(c2ccccc2)N1
O=C1NC(=O)C2(CCC2)C(=O)N1,0.8421052631578947,O=C1NC(=O)C2(CCCCC2)C(=O)N1
O=C1NC(=O)C2(CCCCCCC2)C(=O)N1,1.0,O=C1NC(=O)C2(CCCCC2)C(=O)N1
O=C1NC(=O)C2=C1CCCC2,0.3888888888888889,O=C1CCCC1
O=C1NC(=O)c2ccc3c4ccc5c6c(ccc(c7ccc1c2c73)c64)C(=O)NC5=O,0.4782608695652174,O=C1NC(=O)c2ccccc21
O=C1NC2C=CC1C2,0.2857142857142857,O=C1NC(=O)C2C=CC=CC12
O=C1NCN(c2ccccc2)C12CCN(CCCC(c1ccc(F)cc1)c1ccc(F)cc1)CC2,0.36923076923076925,O=C(CCCN1CCC(O)(c2ccc(F)cc2)CC1)c1ccccc1
O=C1Nc2ccc(Cl)cc2C(=O)N2CCCC12,0.3888888888888889,O=C1Nc2ccc(Cl)cc2C(c2ccccc2)=NC1O
O=C1Nc2ccccc2C(=O)N2CC(O)CC12,0.391304347826087,O=C1CCC(N2C(=O)c3ccccc3C2=O)C(=O)N1
O=C1Nc2ccccc2C(=O)N2CCCC12,0.4418604651162791,O=C1CCC(N2C(=O)c3ccccc3C2=O)C(=O)N1
O=C1OC(=O)C2C1C1(Cl)C(Cl)=C(Cl)C2(Cl)C1(Cl)Cl,0.41379310344827586,O=C(O)C1C(C(=O)O)C2(Cl)C(Cl)=C(Cl)C1(Cl)C2(Cl)Cl
O=C1OC(=O)c2ccc3c4ccc5c6c(ccc(c7ccc1c2c73)c64)C(=O)OC5=O,0.52,O=C1OC(=O)c2cccc3cccc1c23
O=C1OC(c2ccc(Br)cc2)C(Br)C1=O,0.32,Brc1ccc(Br)cc1
O=C1OC(c2ccc(O)cc2)(c2ccc(O)cc2)c2ccccc21,0.6052631578947368,O=C1OC2(c3ccc(O)cc3Oc3cc(O)ccc32)c2ccccc21
O=C1OC(c2ccccc2)(c2ccccc2)c2ccccc21,0.5333333333333333,CC1(C)OC(=O)c2ccccc21
O=C1OCC(CO)O1,0.4166666666666667,OCC1CO1
O=C1OCCO1,0.4666666666666667,O=C1CCO1
O=C1OCc2ccc3ccccc3c21,0.4473684210526316,COc1ccc2c(c1OC)C(=O)OC2
O=C1c2c(Cl)c(Cl)c(Cl)c(Cl)c2C2=Nc3cccc4cccc(c34)N12,0.275,Clc1cccc2cccc(Cl)c12
O=C1c2c(O)cccc2[C@@H]([C@@H]2O[C@H](CO)[C@@H](O)[C@H](O)[C@H]2O)c2cc(CO)cc(O)c21,0.3181818181818182,O=[N+]([O-])c1cccc(OC2OC(CO)C(O)C(O)C2O)c1
O=C1c2ccc3c4ccc5c6c(ccc(c7ccc(c2c37)C(=O)N1CCc1ccccc1)c64)C(=O)N(CCc1ccccc1)C5=O,0.4418604651162791,O=C1c2ccc3c4ccc5c6c(ccc(c7ccc(c2c37)C(=O)N1c1ccc(N=Nc2ccccc2)cc1)c64)C(=O)N(c1ccc(N=Nc2ccccc2)cc1)C5=O
O=C1c2ccccc2/C(=N/O)C1[N+](=O)[O-],0.3023255813953488,O=[N+]([O-])c1c(O)cccc1-c1ccccc1
O=C1c2ccccc2C(=O)C1c1ccc2cc(S(=O)(=O)O)cc(S(=O)(=O)O)c2n1,0.40425531914893614,Nc1cc(S(=O)(=O)O)cc2ccccc12
O=C1c2ccccc2C(=O)C1c1ccc2ccccc2n1,0.4666666666666667,c1ccc2nc(-c3ccc4ccccc4n3)ccc2c1
O=C1c2ccccc2C(=O)C1c1nc2ccccc2c(Br)c1O,0.3111111111111111,O=c1oc(-c2ccccc2)nc2ccccc12
O=C1c2ccccc2C(=O)c2c1ccc1[nH]c(-c3cc(Cl)c(-c4nc5c6c(ccc5[nH]4)C(=O)c4ccccc4C6=O)cc3Cl)nc21,0.35555555555555557,O=C1c2ccccc2C(=O)c2c1ccc(O)c2O
O=C1c2ccccc2C(=O)c2c1ccc1c2[nH]c2ccc3c4ccccc4c(=O)c4ccc1c2c43,0.5121951219512195,O=c1c2ccccc2c(=O)c2c1ccc1[nH]c3c(ccc4c(=O)c5ccccc5c(=O)c43)[nH]c12
O=C1c2ccccc2C2=Nc3cccc4cccc(c34)N12,0.3333333333333333,O=C1OC(=O)c2cccc3cccc1c23
O=C=Nc1ccc(C(c2ccc(N=C=O)cc2)c2ccc(N=C=O)cc2)cc1,0.30303030303030304,Cc1cc(-c2ccc(N=C=O)c(C)c2)ccc1N=C=O
O=C=Nc1ccc(OP(=S)(Oc2ccc(N=C=O)cc2)Oc2ccc(N=C=O)cc2)cc1,0.3783783783783784,COP(=S)(OC)Oc1ccc(C#N)cc1
O=CC1CC2C3C1C1(Cl)C(Cl)(Cl)C3(Cl)C3(Cl)C2C13Cl,0.19047619047619047,ClC1=C(Cl)C2(Cl)C3C(Cl)C(Cl)CC3C1(Cl)C2(Cl)Cl
O=CC1CCC2C3CCC(C3)C12,0.2857142857142857,C=CC(=O)OC1C=CC2C3CCC(C3)C12
O=N/C=C1\C=CC=CN1,0.16666666666666666,O=C1C=CC=C/C1=C/NNC(=O)c1ccncc1
O=P(Oc1ccccc1)(N1CCOCC1)N1CCOCC1,0.45161290322580644,O=P(Oc1ccccc1)(Oc1ccccc1)Oc1ccccc1
O=P(c1ccccc1)(c1ccccc1)c1ccccc1,0.5789473684210527,NP(N)(=O)c1ccccc1
O=P1(O)OP(=O)(O)OP(=O)(O)O1,0.23529411764705882,NC(=O)C(F)(F)F
O=P12OB(O1)O2,0.11764705882352941,O=C1C(Cl)=C(Cl)C(=O)C(Cl)=C1Cl
O=S(=O)(Nc1cccnc1Cl)c1ccccc1,0.6176470588235294,O=S(=O)(Nc1ccccc1Cl)c1ccccc1
O=S(=O)(O)c1cc(Nc2nc(Nc3ccccc3)nc(Nc3ccccc3)n2)ccc1/C=C/c1ccc(Nc2nc(Nc3ccccc3)nc(Nc3ccccc3)n2)cc1S(=O)(=O)O,0.8181818181818182,COc1nc(Nc2ccccc2)nc(Nc2ccc(/C=C/c3ccc(Nc4nc(Nc5ccccc5)nc(OC)n4)cc3S(=O)(=O)O)c(S(=O)(=O)O)c2)n1
O=S(=O)(O)c1cc(O)c2cc(Nc3ccccc3)ccc2c1,0.5609756097560976,Nc1ccc2cc(S(=O)(=O)O)cc(O)c2c1
O=S(=O)(O)c1ccc(Nc2nc(Cl)nc(Cl)n2)cc1,0.4126984126984127,O=C1/C(=N\Nc2ccccc2S(=O)(=O)O)C(S(=O)(=O)O)=Cc2cc(S(=O)(=O)O)cc(Nc3nc(Cl)nc(Nc4ccc(Nc5nc(Cl)nc(Nc6cc(S(=O)(=O)O)cc7c6C(=O)/C(=N\Nc6ccccc6S(=O)(=O)O)C(S(=O)(=O)O)=C7)n5)cc4)n3)c21
O=S(=O)(O)c1ccc2nc(-c3ccccc3)[nH]c2c1,0.4358974358974359,O=S(=O)(O)c1ccc2ccccc2c1
O=S(=O)(O)c1cccc2cc(Nc3ccccc3)cc(Nc3ccccc3)c12,0.49019607843137253,O=S(=O)(O)c1cccc2c(N=Nc3ccc(N=Nc4ccc(Nc5ccccc5)c5c(S(=O)(=O)O)cccc45)c4ccccc34)cccc12
O=S1(=O)CCCO1,0.2777777777777778,C1CCOC1
O=S1(=O)OCC2C(CO1)C1(Cl)C(Cl)=C(Cl)C2(Cl)C1(Cl)Cl,0.5625,O=S1OCC2C(CO1)C1(Cl)C(Cl)=C(Cl)C2(Cl)C1(Cl)Cl
O=S1(=O)c2ccccc2-c2ccccc21,0.46153846153846156,CC1=CS(=O)(=O)c2ccccc21
O=[N+]([O-])C12COP(=O)(OC1)OC2,0.2222222222222222,O=[N+]([O-])N1CN([N+](=O)[O-])CN([N+](=O)[O-])C1
O=[N+]([O-])N1CN([N+](=O)[O-])CN([N+](=O)[O-])CN([N+](=O)[O-])C1,1.0,O=[N+]([O-])N1CN([N+](=O)[O-])CN([N+](=O)[O-])C1
O=[N+]([O-])NC1=NCCN1Cc1ccc(Cl)nc1,0.4067796610169492,CCN(Cc1ccc(Cl)nc1)/C(=C/[N+](=O)[O-])NC
O=[N+]([O-])OC1CCCCCC1O[N+](=O)[O-],0.5416666666666666,O=[N+](O)OC1CCCCC1O[N+](=O)O
O=[N+]([O-])c1cc(C2CCCCC2)c(O)c([N+](=O)[O-])c1,0.5757575757575758,O=[N+]([O-])c1cc([N+](=O)[O-])c(O)c([N+](=O)[O-])c1
O=[N+]([O-])c1cc(S(=O)(=O)Nc2ccccc2)ccc1Nc1ccccc1,0.625,O=[N+]([O-])c1ccc(Nc2ccccc2)c([N+](=O)[O-])c1
O=[N+]([O-])c1ccc(Nc2ccc(Nc3ccccc3)c(S(=O)(=O)O)c2)c([N+](=O)[O-])c1,0.7142857142857143,O=[N+]([O-])c1ccc(Nc2ccccc2)c([N+](=O)[O-])c1
O=[N+]([O-])c1ccc(OP(=S)(Oc2ccc([N+](=O)[O-])cc2)Oc2ccc([N+](=O)[O-])cc2)cc1,0.7931034482758621,COP(=S)(OC)Oc1ccc([N+](=O)[O-])cc1
O=c1[nH]c(=O)[nH]c(=O)[nH]1,0.4375,O=c1[nH]c2ccccc2[nH]1
O=c1[nH]c(=O)c2nc[nH]c2[nH]1,0.45161290322580644,O=c1[nH]c(=O)c2nccnc2[nH]1
O=c1[nH]c(=O)n(Cl)c(=O)n1Cl,0.2727272727272727,O=C1CCC(=O)N1Cl
O=c1[nH]c2cc(Cl)ccc2n1C1CCNCC1,0.3333333333333333,O=c1[nH]c2cc(Cl)ccc2o1
O=c1[nH]c2cncnc2[nH]c1=O,0.46875,O=c1cnc2cncnc2[nH]1
O=c1[nH]c2nc[nH]c(=O)c2[nH]c1=O,0.7307692307692307,O=c1[nH]c2nc[nH]c(=O)c2[nH]1
O=c1[nH]ccc2cccnc12,0.4375,Oc1cccc2cccnc12
O=c1[nH]cncc1Br,0.36363636363636365,O=c1cnc2c(=O)[nH]cnc2[nH]1
O=c1c(CO)c/c(=N\Nc2ccc(S(=O)(=O)O)c3ccccc23)c(=O)/c1=N/Nc1ccc(S(=O)(=O)O)c2ccccc12,0.36,Nc1ccc(S(=O)(=O)O)c2ccccc12
O=c1c(O)c(-c2ccc(O)c(O)c2)oc2cc(O)cc(O)c12,0.35294117647058826,COc1cc(O)c2c(=O)c3cc(O)ccc3oc2c1
O=c1c(O)c(-c2ccc(O)cc2O)oc2cc(O)cc(O)c12,0.43478260869565216,COc1cc(O)c2c(=O)c3cc(O)ccc3oc2c1
O=c1c2cc(Br)c3cccc4c(=O)c5cc(Br)c6cccc1c6c5-c2c34,0.38095238095238093,O=c1c2ccccc2c2cc3ccc4c(=O)c5c(Br)c(Br)ccc5c5cc6ccc1c2c6c3c45
O=c1c2cc(Cl)ccc2[nH]c2cc3c(=O)c4cc(Cl)ccc4[nH]c3cc12,0.4,O=c1[nH]c2cc(Cl)ccc2o1
O=c1c2cc(F)ccc2nc(-n2cncn2)n1-c1ccc(Cl)cc1Cl,0.28169014084507044,CCCCC(O)(Cn1cncn1)c1ccc(Cl)cc1Cl
O=c1c2cc3[nH]c4c(Cl)cccc4c(=O)c3cc2[nH]c2c(Cl)cccc12,0.4166666666666667,O=c1c2ccccc2c(=O)c2c1ccc1[nH]c3c(ccc4c(=O)c5ccccc5c(=O)c43)[nH]c12
O=c1c2ccc3c4c(ccc(c24)c2nc4ccccc4n12)c(=O)n1c2ccccc2nc31,0.6486486486486487,O=c1c2cccc3cccc(c32)c2nc3cccc4cccc(c43)n12
O=c1c2ccccc2[nH]c2cc3c(=O)c4c(Cl)c(Cl)ccc4[nH]c3cc12,0.4146341463414634,O=c1c2ccccc2c(=O)c2c1ccc1[nH]c3c(ccc4c(=O)c5ccccc5c(=O)c43)[nH]c12
O=c1c2ccccc2[nH]c2cc3c(=O)c4ccccc4[nH]c3cc12,0.4838709677419355,Cc1cc(=O)c2ccccc2[nH]1
O=c1c2ccccc2c2ccc3sc4ccccc4c4ccc1c2c34,0.5,c1ccc2c(c1)sc1ccccc12
O=c1c2ccccc2nc2n1CCC2O,0.5227272727272727,CC1c2nc3ccccc3c(=O)n2CN1C
O=c1c2ccccc2nc2n1CC[C@@H]2O,0.5227272727272727,CC1c2nc3ccccc3c(=O)n2CN1C
O=c1cc(-c2ccc(O)c(O)c2)oc2cc(O)cc(O)c12,0.3333333333333333,COc1cc(O)c2c(=O)c3cc(O)ccc3oc2c1
O=c1cc(O)nc[nH]1,0.34375,O=c1cnc2nc[nH]c(=O)c2[nH]1
O=c1cc/c(=N\Nc2ccc(S(=O)(=O)O)c3ccccc23)c(=O)/c1=N/Nc1ccc(S(=O)(=O)O)c2ccccc12,0.391304347826087,Nc1ccc(S(=O)(=O)O)c2ccccc12
O=c1cc[nH]c(=S)[nH]1,0.5652173913043478,O=c1cc[nH]c(=O)[nH]1
O=c1cc[nH]c(O)c1,0.34615384615384615,O=c1cc[nH]c(=O)[nH]1
O=c1cc[nH]cc1,0.3181818181818182,O=c1cccc[nH]1
O=c1ccc(=O)[nH][nH]1,0.38095238095238093,O=c1ccc(I)c[nH]1
O=c1ccc2ccc[nH]c-2c1,0.35714285714285715,O=c1cccc[nH]1
O=c1ccn(CCO)c(C(O)c2ccccc2)c1O,0.3611111111111111,OC(c1ccccc1)c1ccccc1
O=c1ccnc[nH]1,0.36,O=c1cccc[nH]1
O=c1cnc2[nH]c(=O)[nH]c(=O)c2[nH]1,0.5161290322580645,O=c1[nH]c2nc[nH]c(=O)c2[nH]1
O=c1cnc2c(=O)[nH]c(=O)[nH]c2[nH]1,0.45714285714285713,Nc1nc2[nH]c(=O)cnc2c(=O)[nH]1
O=c1n(CCO)c(=O)n(CCO)c(=O)n1CCO,0.36363636363636365,O=c1[nH]c2ccccc2c(=O)n1CCO
O=c1n(Cl)c(=O)n(Cl)c(=O)n1Cl,0.35294117647058826,O=C1CCC(=O)N1Cl
O=c1nc(-c2ccccc2)[nH]c(-c2ccccc2)n1,0.42857142857142855,c1ccc(-c2nc3ncncc3[nH]2)cc1
O=c1nc(-c2ccccc2)[nH]cc1Br,0.325,O=c1oc(-c2ccccc2)nc2ccccc12
O=c1ncc2[nH]c(=O)[nH]c2[nH]1,0.37037037037037035,O=c1[nH]c2ccccc2[nH]1
O=c1oc2ccccc2c(O)c1C(CC(O)c1ccc(-c2ccc(Br)cc2)cc1)c1ccccc1,0.38333333333333336,CC(=O)CC(c1ccccc1)c1c(O)oc2ccccc2c1=O
O=c1oc2ccccc2c(O)c1Cc1c(O)c2ccccc2oc1=O,0.41379310344827586,c1ccc2c(c1)oc1ccccc12
O=c1occo1,0.28,Cc1occc(=O)c1O
OC(Cn1ccnc1)c1ccc(Cl)cc1Cl,0.6041666666666666,Clc1ccc(COC(Cn2ccnc2)c2ccc(Cl)cc2Cl)c(Cl)c1
OC(Cn1cncn1)(Cn1cncn1)c1ccc(F)cc1F,0.4716981132075472,CCCCC(O)(Cn1cncn1)c1ccc(Cl)cc1Cl
OC(c1ccccc1)(c1ccccc1)c1ccccc1,0.5789473684210527,CC(C)(O)c1ccccc1
OC1(c2ccc(Cl)cc2)CCCCCC1n1cncn1,0.3125,OC1(c2ccc(Cl)cc2)CCNCC1
OC1C=CC2C1C1(Cl)C(Cl)=C(Cl)C2(Cl)C1(Cl)Cl,0.3870967741935484,OCC1C(CO)C2(Cl)C(Cl)=C(Cl)C1(Cl)C2(Cl)Cl
OC1CCCCCC1,1.0,OC1CCCCC1
OC1CCCCCCC1,1.0,OC1CCCCC1
OCC(O)C(O)c1nn(-c2ccccc2)c2nc3ccccc3nc12,0.2545454545454545,OCC(O)C(O)C(O)C=NN(c1ccccc1)c1ccccc1
OCC(O)C1OC2OC(C(Cl)(Cl)Cl)OC2C1O,0.32653061224489793,OCC(O)C1OC(Oc2ccccc2)C(O)C(O)C1O
OCC(O)[C@H]1OC2O[C@H](C(Cl)(Cl)Cl)O[C@@H]2[C@H]1O,0.32653061224489793,OCC(O)C1OC(Oc2ccccc2)C(O)C(O)C1O
OCC1CC2CC1C1CCC(CO)C21,0.23333333333333334,OCC1CCC(CO)O1
OCC1CN2CCN1CC2,0.23076923076923078,OCC1CO1
OCC1OC(OC2(CO)OC(CO)C(O)C2O)C(O)C(O)C1O,0.4864864864864865,COC1OC(CO)C(O)C(O)C1O
OCC1OC(OC2C(CO)OC(O)C(O)C2O)C(O)C(O)C1O,0.6176470588235294,OCC1OC(OCC2OC(O)C(O)C(O)C2O)C(O)C(O)C1O
OCC1OC(OCC2OC(OC3(CO)OC(CO)C(O)C3O)C(O)C(O)C2O)C(O)C(O)C1O,0.5853658536585366,OCC1OC(OCC2OC(O)C(O)C(O)C2O)C(O)C(O)C1O
OCC1OC(n2c(-c3ccco3)nc3ccccc32)C(O)C(O)C1O,0.3392857142857143,OCC1OC(Oc2ccccc2)C(O)C(O)C1O
OCC1OC(n2c(-c3ccco3)nc3ccccc32)C(O)C1O,0.3333333333333333,Nc1ncnc2c1ccn2C1OC(CO)C(O)C1O
OCC1OC2OC(C(Cl)(Cl)Cl)OC2C1O,0.42424242424242425,OCC1OC2OC3C(CO)OC(OC4C(CO)OC(OC5C(CO)OC(OC6C(CO)OC(OC7C(CO)OC(OC8C(CO)OC(OC1C(O)C2O)C(O)C8O)C(O)C7O)C(O)C6O)C(O)C5O)C(O)C4O)C(O)C3O
OCC1OC2OC3C(CO)OC(OC4C(CO)OC(OC5C(CO)OC(OC6C(CO)OC(OC7C(CO)OC(OC1C(O)C2O)C(O)C7O)C(O)C6O)C(O)C5O)C(O)C4O)C(O)C3O,1.0,OCC1OC2OC3C(CO)OC(OC4C(CO)OC(OC5C(CO)OC(OC6C(CO)OC(OC7C(CO)OC(OC8C(CO)OC(OC1C(O)C2O)C(O)C8O)C(O)C7O)C(O)C6O)C(O)C5O)C(O)C4O)C(O)C3O
OC[C@H]1O[C@@H](O[C@@H]2[C@@H](CO)O[C@](O)(CO)[C@H]2O)[C@H](O)[C@@H](O)[C@H]1O,0.5135135135135135,OCC1OC(O)(CO)C(O)C1O
OC[C@H]1O[C@@H](O[C@H]2[C@H](O)[C@@H](O)[C@H](O)O[C@@H]2CO)[C@H](O)[C@@H](O)[C@H]1O,0.6176470588235294,OCC1OC(OCC2OC(O)C(O)C(O)C2O)C(O)C(O)C1O
OC[C@H]1O[C@@](CO)(O[C@H]2O[C@H](CO)[C@@H](O)[C@H](O)[C@H]2O)[C@@H](O)[C@@H]1O,0.4864864864864865,COC1OC(CO)C(O)C(O)C1O
OC[C@H]1O[C@H](OC[C@H]2O[C@H](O[C@]3(CO)O[C@H](CO)[C@@H](O)[C@@H]3O)[C@H](O)[C@@H](O)[C@@H]2O)[C@H](O)[C@@H](O)[C@H]1O,0.5853658536585366,OCC1OC(OCC2OC(O)C(O)C(O)C2O)C(O)C(O)C1O
ON=C1C=CC(=NO)c2ncccc21,0.29411764705882354,Nc1ncccc1O
ON=C1CCCCCCCCC1=NO,0.3157894736842105,O=C1CCCCC1
O[Si](O)(c1ccccc1)c1ccccc1,0.35294117647058826,c1ccc(-c2ccccc2)cc1
Oc1c(-c2ccccc2)cccc1-c1ccccc1,0.6190476190476191,Oc1ccccc1-c1ccccc1
Oc1ccc(C2CCCCC2)c(O)c1,0.36666666666666664,Oc1ccc(Cl)c(O)c1
Oc1ccc(C2CCCCC2)cc1,0.34782608695652173,Oc1ccc(-c2ccc(O)cc2)cc1
Oc1ccc2c(c1)CCC2,0.4,Oc1ccc(Cl)c(Cl)c1
Oc1ccc2c(c1)CCCC2,0.4,Oc1ccc(Cl)c(Cl)c1
Oc1cccc2cncnc12,0.5517241379310345,Oc1cccc2cccnc12
Oc1cccc2nccnc12,0.5555555555555556,Oc1cccc2cccnc12
Oc1cnn(-c2ccccc2)c1,0.3157894736842105,O=c1c(Cl)c(Cl)cnn1-c1ccccc1
S=C(SSSSSSC(=S)N1CCCCC1)N1CCCCC1,0.25925925925925924,CCN1CCCCC1
S=P(Oc1ccccc1)(Oc1ccccc1)Oc1ccccc1,0.5454545454545454,O=P(Oc1ccccc1)(Oc1ccccc1)Oc1ccccc1
S=c1[nH]c2ccccc2o1,0.44,S=c1[nH]c2ccccc2[nH]1
S=c1[nH]c2ccccc2s1,0.44,S=c1[nH]c2ccccc2[nH]1
S=c1[nH]cnc2[nH]cnc12,0.40625,CN(C)c1ncnc2[nH]cnc12
S=c1[nH]nc(SSc2n[nH]c(=S)s2)s1,0.4864864864864865,CCCCCCCCCC(C)(C)SSc1n[nH]c(=S)s1
S=c1nc[nH]c2nccnc12,0.5161290322580645,NN=c1nc[nH]c2nccnc12
S=c1ncc2[nH]cnc2[nH]1,0.35294117647058826,Nc1ncc2[nH]cnc2n1
[N-]=[N+]=C1C=Cc2c(cccc2S(=O)(=O)Oc2ccc(C(=O)c3ccccc3)c(OS(=O)(=O)c3cccc4c3C=CC(=[N+]=[N-])C4=O)c2OS(=O)(=O)c2cccc3c2C=CC(=[N+]=[N-])C3=O)C1=O,0.29411764705882354,COc1cc(O)c(C(=O)c2ccccc2)cc1S(=O)(=O)O
c1cc(N(CC2CO2)CC2CO2)ccc1Cc1ccc(N(CC2CO2)CC2CO2)cc1,0.3,Fc1ccc(Cc2ccc(F)cc2)cc1
c1cc(N(CC2CO2)CC2CO2)ccc1OCC1CO1,0.2978723404255319,O=C(OCC1CO1)c1ccc(C(=O)OCC2CO2)c(C(=O)OCC2CO2)c1
c1cc(OCC2CO2)c2ccc(OCC3CO3)cc2c1,0.3181818181818182,OCCOc1ccc2ccccc2c1
c1cc(OCC2CO2)cc(N(CC2CO2)CC2CO2)c1,0.3,O=C(OCC1CO1)c1ccc(C(=O)OCC2CO2)c(C(=O)OCC2CO2)c1
c1cc2c3c(c1)ccc1cccc(c13)C2,0.5714285714285714,c1cc2c3c(cccc3c1)CC2
c1cc2c3c(ccc4c3c1CCC4)CCC2,0.38095238095238093,c1cc2c3c(cccc3c1)CC2
c1ccc(-c2cccc(-c3ccccc3)c2)cc1,0.6923076923076923,c1ccc(-c2ccccc2)cc1
c1ccc(-c2cnc(-c3ccc(CN4CCOCC4)cc3)o2)cc1,0.32857142857142857,Cc1ncc([N+](=O)[O-])n1CCOC(=O)c1ccc(CN2CCOCC2)cc1
c1ccc(-c2ncc[nH]2)cc1,0.37037037037037035,Cc1ncc[nH]1
c1ccc(C(c2ccccc2)(c2ccccc2)N2CCOCC2)cc1,0.34210526315789475,O=C(c1ccccc1O)N1CCOCC1
c1ccc(C2CCCCC2)cc1,0.3235294117647059,O=C1c2ccccc2C(=O)N1SC1CCCCC1
c1ccc(C2CO2)cc1,0.3333333333333333,OC1COC(Oc2ccccc2)C(O)C1O
c1ccc(CCNCc2ccccc2)cc1,0.5238095238095238,c1ccc(CCc2ccccc2)cc1
c1ccc(CCOC2CCCCC2)cc1,0.4074074074074074,c1ccc(CCc2ccccc2)cc1
c1ccc(CNC23OC4C5C6CC(C7C6C4C72)C53)cc1,0.27906976744186046,CNCc1ccccc1
c1ccc(CNCCNCc2ccccc2)cc1,0.5454545454545454,CNCc1ccccc1
c1ccc(CNCc2ccccc2)cc1,0.6,CNCc1ccccc1
c1ccc(CNc2ncnc3[nH]cnc23)cc1,0.3902439024390244,CN(C)c1ncnc2[nH]cnc12
c1ccc(COc2ccc3ccccc3c2)cc1,0.5625,O=C(O)COc1ccc2ccccc2c1
c1ccc(N=NNc2ccccc2)cc1,0.5238095238095238,c1ccc(N=Nc2ccccc2)cc1
c1ccc(Nc2ccc(Nc3ccccc3)cc2)cc1,0.7222222222222222,Nc1ccc(Nc2ccccc2)cc1
c1ccc(Nc2ccc3ccccc3c2)cc1,0.5,Nc1ccc(Nc2ccccc2)cc1
c1ccc(OCC2CO2)cc1,0.42857142857142855,CCOc1ccccc1
c1ccc(OCCOc2ccccc2)cc1,0.7,OCCOc1ccccc1
c1ccc2c(c1)-c1cccc3c1c-2cc1ccccc13,0.5517241379310345,c1ccc2c(c1)-c1ccc3ccc4cccc5cc-2c1c3c45
c1ccc2c(c1)CCC2,0.42105263157894735,c1ccc2c(c1)Cc1ccccc1-2
c1ccc2c(c1)CCCC2,0.42105263157894735,c1ccc2c(c1)Cc1ccccc1-2
c1ccc2c(c1)CCN2,0.32,c1ccc2c(c1)Cc1ccccc1-2
c1ccc2c(c1)[nH]c1ccccc12,0.48,O=c1[nH]c2ccccc2c(=O)o1
c1ccc2c(c1)[nH]c1cnccc12,0.35294117647058826,O=c1[nH]c2ccccc2c(=O)o1
c1ccc2c(c1)c1ccccc1c1ccccc21,0.5714285714285714,c1ccc2c(c1)ccc1c3ccccc3ccc21
c1ccc2c(c1)ccc1c3ccc4ccccc4c3[nH]c21,0.5714285714285714,c1ccc2c(c1)ccc1c3ccccc3ccc21
c1ccc2c(c1)ccc1ncccc12,0.6666666666666666,c1cnc2c(c1)ccc1ncccc12
c1ccc2c3c(ccc2c1)Nc1ccc2ccccc2c1S3,0.4583333333333333,c1ccc2c(c1)ccc1ccccc12
c1ccc2c3c(ccc2c1)Sc1ccc2ccccc2c1N3,0.4583333333333333,c1ccc2c(c1)ccc1ccccc12
c1ccc2cnccc2c1,0.47058823529411764,c1ccc2ccccc2c1
c1ccc2cnncc2c1,0.5,c1ccc2ccccc2c1
c1ccc2n[nH]nc2c1,0.38095238095238093,c1ccc2nc3ccccc3cc2c1
c1ccc2nc3ccccc3nc2c1,0.625,c1ccc2nc3ccccc3cc2c1
c1ccc2nccnc2c1,0.5789473684210527,c1ccc2ncccc2c1
c1ccc2sc(SN3CCOCC3)nc2c1,0.5,CSc1nc2ccccc2s1
c1ncc2n[nH]nc2n1,0.48148148148148145,c1cnc2ncncc2n1
