smiles,scaffold,y_true,y_pred,residual,abs_error,partition,split_method,model,nearest_train_tanimoto,nearest_train_smiles,chemistry_context
C=C(C#N)C(=O)OCC,<ACYCLIC>,-6.717139720916748,-0.5372385331104947,6.179901187806253,6.179901187806253,test,random,Random Forest,0.5384615384615384,C=C(C)C(=O)OCC,neutral; MW 125.1; cLogP 0.63; TPSA 50.1; HBD/HBA 0/3; 2 rotatable bonds; 0 aromatic rings. These 2D descriptors provide structural context but do not establish the cause of the error.
[O-2],<ACYCLIC>,-7.25511646270752,-1.584440117117648,5.670676345589872,5.670676345589872,test,random,Random Forest,0.07692307692307693,N#CN=C(N)N,formal charge -2; MW 16.0; cLogP -0.12; TPSA 28.5; HBD/HBA 0/0; 0 rotatable bonds; 0 aromatic rings. These 2D descriptors provide structural context but do not establish the cause of the error.
CCN=C1C=CC(=C(c2ccc(NCC)c(C)c2)c2ccc(NCC)c(C)c2)C=C1C,N=C1C=CC(=C(c2ccccc2)c2ccccc2)C=C1,-1.0232212543487549,-6.120358579355042,-5.097137325006287,5.097137325006287,test,random,Random Forest,0.3269230769230769,CC1=CC(=C(c2ccc(N)cc2)c2ccc(N)cc2)C=CC1=N,neutral; MW 413.6; cLogP 6.95; TPSA 36.4; HBD/HBA 2/3; 7 rotatable bonds; 2 aromatic rings. These 2D descriptors provide structural context but do not establish the cause of the error.
Cc1ccccc1NC(=O)CC(=O)CN=Nc1ccc(S(=O)(=O)O)cc1[N+](=O)[O-],O=C(CN=Nc1ccccc1)CC(=O)Nc1ccccc1,-7.739803791046143,-2.887470768280386,4.852333022765757,4.852333022765757,test,random,Random Forest,0.5294117647058824,CC(=O)C(N=Nc1ccc(S(=O)(=O)O)cc1[N+](=O)[O-])C(=O)Nc1ccccc1Cl,neutral; MW 420.4; cLogP 2.83; TPSA 168.4; HBD/HBA 2/8; 8 rotatable bonds; 2 aromatic rings. These 2D descriptors provide structural context but do not establish the cause of the error.
Cn1c(-c2ccccc2)c(C=CC2=[N+](C)c3ccccc3C2(C)C)c2ccccc21,C(=Cc1c(-c2ccccc2)[nH]c2ccccc12)C1=[NH+]c2ccccc2C1,-1.7439279556274414,-6.573916997772278,-4.829989042144836,4.829989042144836,test,random,Random Forest,0.34375,COc1ccc(N(C)N=CC2=[N+](C)c3ccccc3C2(C)C)cc1,formal charge +1; MW 391.5; cLogP 6.56; TPSA 7.9; HBD/HBA 0/1; 3 rotatable bonds; 4 aromatic rings. These 2D descriptors provide structural context but do not establish the cause of the error.
[O-2],<ACYCLIC>,-7.25511646270752,-0.4229166507720947,6.832199811935425,6.832199811935425,test,random,Small GNN,0.07692307692307693,N#CN=C(N)N,formal charge -2; MW 16.0; cLogP -0.12; TPSA 28.5; HBD/HBA 0/0; 0 rotatable bonds; 0 aromatic rings. These 2D descriptors provide structural context but do not establish the cause of the error.
[Ir],<ACYCLIC>,-9.98276138305664,-3.711823940277099,6.270937442779541,6.270937442779541,test,random,Small GNN,0.09090909090909091,COC1CC1,neutral; MW 192.2; cLogP -0.00; TPSA 0.0; HBD/HBA 0/0; 0 rotatable bonds; 0 aromatic rings. These 2D descriptors provide structural context but do not establish the cause of the error.
Cc1ccccc1NC(=O)CC(=O)CN=Nc1ccc(S(=O)(=O)O)cc1[N+](=O)[O-],O=C(CN=Nc1ccccc1)CC(=O)Nc1ccccc1,-7.739803791046143,-1.509454369544983,6.23034942150116,6.23034942150116,test,random,Small GNN,0.5294117647058824,CC(=O)C(N=Nc1ccc(S(=O)(=O)O)cc1[N+](=O)[O-])C(=O)Nc1ccccc1Cl,neutral; MW 420.4; cLogP 2.83; TPSA 168.4; HBD/HBA 2/8; 8 rotatable bonds; 2 aromatic rings. These 2D descriptors provide structural context but do not establish the cause of the error.
C=C(C#N)C(=O)OCC,<ACYCLIC>,-6.717139720916748,-0.6138582229614258,6.103281497955322,6.103281497955322,test,random,Small GNN,0.5384615384615384,C=C(C)C(=O)OCC,neutral; MW 125.1; cLogP 0.63; TPSA 50.1; HBD/HBA 0/3; 2 rotatable bonds; 0 aromatic rings. These 2D descriptors provide structural context but do not establish the cause of the error.
C[Si]1(C)O[Si](C)(C)O[Si](C)(C)O[Si](C)(C)O[Si](C)(C)O[Si](C)(C)O1,O1[SiH2]O[SiH2]O[SiH2]O[SiH2]O[SiH2]O[SiH2]1,-7.940700054168701,-3.048043966293335,4.892656087875366,4.892656087875366,test,random,Small GNN,1.0,C[Si]1(C)O[Si](C)(C)O[Si](C)(C)O1,neutral; MW 444.9; cLogP 4.31; TPSA 55.4; HBD/HBA 0/6; 0 rotatable bonds; 0 aromatic rings. These 2D descriptors provide structural context but do not establish the cause of the error.
CCN(CC)c1ccc([C+](c2ccc(N(CC)CC)cc2)c2ccc(N(CC)CC)cc2)cc1,c1ccc([C+](c2ccccc2)c2ccccc2)cc1,-0.1395608931779861,-6.670206911579263,-6.530646018401277,6.530646018401277,test,scaffold,Random Forest,0.5416666666666666,CCN(CC)c1ccccc1,formal charge +1; MW 456.7; cLogP 7.24; TPSA 9.7; HBD/HBA 0/3; 12 rotatable bonds; 3 aromatic rings. These 2D descriptors provide structural context but do not establish the cause of the error.
COCCOCCCn1c(=O)c2c(N)c3c(=O)c4ccccc4c(=O)c3c(N)c2c1=O,O=c1[nH]c(=O)c2cc3c(=O)c4ccccc4c(=O)c3cc12,-8.26504898071289,-2.6351110284732338,5.629937952239657,5.629937952239657,test,scaffold,Random Forest,0.2962962962962963,CCCCOCCOC(=O)c1ccccc1,neutral; MW 423.4; cLogP 0.48; TPSA 143.7; HBD/HBA 2/9; 7 rotatable bonds; 4 aromatic rings. These 2D descriptors provide structural context but do not establish the cause of the error.
CNC(=O)/C(C#N)=c1\[nH]c(=C2C(=O)NC(=O)NC2=O)c2ccccc12,C=c1[nH]c(=C2C(=O)NC(=O)NC2=O)c2ccccc12,-7.52800989151001,-2.130685522136762,5.397324369373248,5.397324369373248,test,scaffold,Random Forest,0.25,CNC(=O)Oc1cccc2ccccc12,neutral; MW 337.3; cLogP -1.90; TPSA 143.9; HBD/HBA 4/5; 1 rotatable bonds; 2 aromatic rings. These 2D descriptors provide structural context but do not establish the cause of the error.
Cc1ccccc1NC(=O)CC(=O)CN=Nc1ccc(S(=O)(=O)O)cc1[N+](=O)[O-],O=C(CN=Nc1ccccc1)CC(=O)Nc1ccccc1,-7.739803791046143,-2.506306238811036,5.233497552235107,5.233497552235107,test,scaffold,Random Forest,0.40625,Cc1ccc(C(=O)Nc2ccc(S(=O)(=O)O)cc2)cc1[N+](=O)[O-],neutral; MW 420.4; cLogP 2.83; TPSA 168.4; HBD/HBA 2/8; 8 rotatable bonds; 2 aromatic rings. These 2D descriptors provide structural context but do not establish the cause of the error.
CCN=C1C=CC(=C(c2ccc(NCC)c(C)c2)c2ccc(NCC)c(C)c2)C=C1C,N=C1C=CC(=C(c2ccccc2)c2ccccc2)C=C1,-1.0232212543487549,-6.122528829070133,-5.0993075747213785,5.0993075747213785,test,scaffold,Random Forest,0.2537313432835821,CCNc1cc2[o+]c3cc(NCC)c(C)cc3c(-c3ccccc3C(=O)OC)c2cc1C,neutral; MW 413.6; cLogP 6.95; TPSA 36.4; HBD/HBA 2/3; 7 rotatable bonds; 2 aromatic rings. These 2D descriptors provide structural context but do not establish the cause of the error.
C[Si]1(C)O[Si](C)(C)O[Si](C)(C)O[Si](C)(C)O1,O1[SiH2]O[SiH2]O[SiH2]O[SiH2]1,-6.953686714172363,-0.0126278400421142,6.941058874130249,6.941058874130249,test,scaffold,Small GNN,1.0,C[Si]1(C)O[Si](C)(C)O[Si](C)(C)O1,neutral; MW 296.6; cLogP 2.87; TPSA 36.9; HBD/HBA 0/4; 0 rotatable bonds; 0 aromatic rings. These 2D descriptors provide structural context but do not establish the cause of the error.
Cc1ccccc1NC(=O)CC(=O)CN=Nc1ccc(S(=O)(=O)O)cc1[N+](=O)[O-],O=C(CN=Nc1ccccc1)CC(=O)Nc1ccccc1,-7.739803791046143,-2.027609348297119,5.712194442749023,5.712194442749023,test,scaffold,Small GNN,0.40625,Cc1ccc(C(=O)Nc2ccc(S(=O)(=O)O)cc2)cc1[N+](=O)[O-],neutral; MW 420.4; cLogP 2.83; TPSA 168.4; HBD/HBA 2/8; 8 rotatable bonds; 2 aromatic rings. These 2D descriptors provide structural context but do not establish the cause of the error.
CCN(CC)c1ccc([C+](c2ccc(N(CC)CC)cc2)c2ccc(N(CC)CC)cc2)cc1,c1ccc([C+](c2ccccc2)c2ccccc2)cc1,-0.1395608931779861,-5.317718982696533,-5.178158089518547,5.178158089518547,test,scaffold,Small GNN,0.5416666666666666,CCN(CC)c1ccccc1,formal charge +1; MW 456.7; cLogP 7.24; TPSA 9.7; HBD/HBA 0/3; 12 rotatable bonds; 3 aromatic rings. These 2D descriptors provide structural context but do not establish the cause of the error.
COCCOCCCn1c(=O)c2c(N)c3c(=O)c4ccccc4c(=O)c3c(N)c2c1=O,O=c1[nH]c(=O)c2cc3c(=O)c4ccccc4c(=O)c3cc12,-8.26504898071289,-3.535093307495117,4.729955673217773,4.729955673217773,test,scaffold,Small GNN,0.2962962962962963,CCCCOCCOC(=O)c1ccccc1,neutral; MW 423.4; cLogP 0.48; TPSA 143.7; HBD/HBA 2/9; 7 rotatable bonds; 4 aromatic rings. These 2D descriptors provide structural context but do not establish the cause of the error.
CCN=C1C=CC(=C(c2ccc(NCC)c(C)c2)c2ccc(NCC)c(C)c2)C=C1C,N=C1C=CC(=C(c2ccccc2)c2ccccc2)C=C1,-1.0232212543487549,-5.417672157287598,-4.394450902938843,4.394450902938843,test,scaffold,Small GNN,0.2537313432835821,CCNc1cc2[o+]c3cc(NCC)c(C)cc3c(-c3ccccc3C(=O)OC)c2cc1C,neutral; MW 413.6; cLogP 6.95; TPSA 36.4; HBD/HBA 2/3; 7 rotatable bonds; 2 aromatic rings. These 2D descriptors provide structural context but do not establish the cause of the error.
