split_method,epoch,train_scaled_mse,val_scaled_mse,val_rmse,val_mae,val_r2,is_best
random,1,0.7120514311009529,0.4453594245000413,1.5620579020681993,1.1962784912291744,0.5323529603278663,True
random,2,0.41244730023655096,0.34796919481356076,1.3807409493027611,1.021198100376058,0.634616994873672,True
random,3,0.3506767716816346,0.3441326685427585,1.373108183401146,1.016072455627961,0.6386455194731318,True
random,4,0.31060752039876266,0.3373305885496988,1.3594701091859893,1.059012985172118,0.6457880087422518,True
random,5,0.2874281248663615,0.2715061977990537,1.219640072269991,0.892903252486584,0.714906508227243,True
random,6,0.2683086762459314,0.2456322885128526,1.1600709101513116,0.8478260088162477,0.7420752570989854,True
random,7,0.2611595200871697,0.24987873855226728,1.1700554959831129,0.8579807418748058,0.737616298198226,False
random,8,0.2535056245882961,0.29303493520442936,1.267072600650813,0.9401102273112846,0.6923003992953447,False
random,9,0.24365011849915386,0.24112465479885936,1.1493772824873638,0.8257347481151529,0.746808482820607,True
random,10,0.23695729895941348,0.2784309118275011,1.2350954741140823,0.9091676969662987,0.7076352604175592,False
random,11,0.24488685252609585,0.26297453116956865,1.200324438471271,0.8925977583182673,0.7238651442723616,False
random,12,0.22468972949557606,0.23520039529448736,1.135169805248081,0.8100455592461173,0.7530292080084134,True
random,13,0.22710692400916796,0.2625747564816423,1.1994117148882901,0.8801501945768222,0.7242849290630887,False
random,14,0.21447730400557113,0.22126119669502572,1.1010180422892666,0.7902534297847243,0.7676659812138821,True
random,15,0.2115665405277575,0.22026795058343518,1.0985440134774753,0.783834716135438,0.7687089346163213,True
random,16,0.21910826845696588,0.24799150603453662,1.1656286232532704,0.8344348377695634,0.7395979852760777,False
random,17,0.21003396982032152,0.2313809912013387,1.1259150979319634,0.80098740913685,0.75703975391636,False
random,18,0.19928445844808007,0.24117862480064275,1.1495059018100542,0.824899963796171,0.7467518136241067,False
random,19,0.20023897125379642,0.2251343240965473,1.1106127653341535,0.7841524061445883,0.7635990295831618,False
random,20,0.20589611160522428,0.21510232244810157,1.0855862888495214,0.7572014516587178,0.7741330787784305,True
random,21,0.19934550488525254,0.22753486043719046,1.1165181364766916,0.8014657352475243,0.7610783544648478,False
random,22,0.1989553161531105,0.22048411969249004,1.0990829264384356,0.7721955911852338,0.7684819499436887,False
random,23,0.20521858612523938,0.21130879995879795,1.0759710816320778,0.7550940334093869,0.7781164368529204,True
random,24,0.19975807273724075,0.24054288760700349,1.147989892006524,0.8239304204703735,0.747419358809326,False
random,25,0.1991204701832732,0.22393395740401462,1.107648034922615,0.7861812464739327,0.7648594683324665,False
random,26,0.1928876527219429,0.2153667689921282,1.086253391626801,0.7514416667432756,0.7738553988776724,False
random,27,0.1880360095723332,0.21425748388575888,1.0834523165580856,0.7536841091011003,0.775020193917935,False
random,28,0.18570642357534545,0.2545763965283971,1.181002647332887,0.8681244456336517,0.7326835559217519,False
random,29,0.18781573640550295,0.2473264588709767,1.1640646220261246,0.8439308141283448,0.740296313770247,False
random,30,0.18812711157082476,0.22215063608132318,1.1032287986244809,0.7755967103098388,0.7667320281774975,False
random,31,0.18340880325197398,0.2215391322485537,1.101709347717483,0.7729690010475556,0.7673741346044138,False
random,32,0.18498854044978374,0.21200942527704797,1.0777533626142253,0.7414552226395966,0.7773807546613909,False
random,33,0.18153835758728473,0.23165430577871857,1.1265798788592638,0.7937799000308532,0.7567527642130885,False
random,34,0.1764605779386653,0.21594773093945552,1.0877175380383117,0.7598875420220568,0.7732453534548742,False
random,35,0.1830577570096531,0.21415103386901724,1.0831831537386467,0.7533569684345073,0.7751319638149337,False
random,36,0.17842157944681328,0.21790247211745917,1.0926294037876279,0.7578221885628853,0.7711927926742124,False
random,37,0.1758190182051793,0.2185688835938427,1.0942989219070578,0.7644866331401655,0.7704930318586308,False
random,38,0.17492410469468916,0.21477430968377698,1.0847582559247295,0.7727625003032015,0.7744775081847127,False
scaffold,1,0.7132164127397433,0.5784859874501921,1.7734114746273397,1.3784492607814323,0.4026595750063895,True
scaffold,2,0.3733695052127776,0.47300441353026285,1.6035986761257022,1.241044044895643,0.5115790811384702,True
scaffold,3,0.30739508155499,0.4754601786814129,1.607756130877371,1.2485050758086307,0.5090432595155288,False
scaffold,4,0.269908672251179,0.40563081505500315,1.4850072257150317,1.117108174471423,0.5811485609228428,True
scaffold,5,0.25333763830315265,0.42700981318045594,1.52363878688119,1.1689020938102617,0.5590727721283544,False
scaffold,6,0.24039762617450475,0.4206137502012439,1.5121846735864872,1.1312497491996791,0.5656772861348038,False
scaffold,7,0.23320983130476738,0.3755146738246827,1.4288168179792031,1.061071054128134,0.6122462691382253,True
scaffold,8,0.2268187554306684,0.3561618612541811,1.3915115154585342,1.037779727149674,0.6322298409190408,True
scaffold,9,0.22794962210536263,0.4198807377101542,1.5108664395475806,1.1349040866534503,0.5664341902911612,False
scaffold,10,0.22205529683582695,0.46799169548680103,1.5950789081562318,1.234371544493245,0.5167551627150836,False
scaffold,11,0.21767812091331937,0.34952901500941874,1.3784934732144705,1.01805817290086,0.639078871509805,True
scaffold,12,0.21352402723663025,0.4534495771577715,1.5701010164318592,1.2039344431115253,0.531771259520605,False
scaffold,13,0.20255118867063213,0.3538557071230675,1.3869991509175303,1.0031219651779149,0.6346111684029243,False
scaffold,14,0.20122056892404327,0.3504158710967951,1.3802411754538848,1.0149961356144326,0.6381631145026943,False
scaffold,15,0.19412467074368367,0.36842530616710606,1.4152652097027618,1.055117834782644,0.6195666863863918,False
scaffold,16,0.19753457040176475,0.3355649536447256,1.3506766432210502,0.9917758516189511,0.6534980700503616,True
scaffold,17,0.1925053095481401,0.37035231476492064,1.418961550272616,1.058080537114373,0.6175768862722514,False
scaffold,18,0.1902529383300442,0.3767644867721194,1.4311925805133023,1.0936370653387184,0.610955723498775,False
scaffold,19,0.18812527903507176,0.3501727886158577,1.379762361715912,0.9989992706721281,0.6384141176224589,False
scaffold,20,0.19005258046817883,0.3531033004959338,1.3855237851668882,0.9985189025690314,0.6353880909464324,False
scaffold,21,0.18260979109368977,0.35090438817948943,1.3812029386271691,0.9988389666830624,0.6376586771007603,False
scaffold,22,0.17620660416345535,0.3441253132520167,1.367796240018282,0.9974974596301203,0.6446586979669919,False
scaffold,23,0.17486541629354763,0.34185547218405504,1.3632778184845653,0.9858428361167052,0.6470025117297301,False
scaffold,24,0.17825055881171062,0.35169951258926224,1.3827669274052334,1.0078121916766716,0.6368376267051469,False
scaffold,25,0.17340516468708014,0.33034038233394997,1.340120751334115,0.9758555318083444,0.6588929130485132,True
scaffold,26,0.173337312685952,0.355987482629474,1.3911708129950195,1.0063096636981015,0.6324099110921562,False
scaffold,27,0.1741484484257512,0.319123567055725,1.3171721249794943,0.9473300885536391,0.6704753247065777,True
scaffold,28,0.16653796914084099,0.3667623267515104,1.412067477112735,1.0407396259943908,0.6212838905603808,False
scaffold,29,0.17632407622326998,0.32422352768076734,1.3276553759637297,0.9602330260760598,0.6652091384681011,False
scaffold,30,0.1704449075033763,0.3338928129564397,1.3473071912922923,0.9663542865597746,0.6552247088117926,False
scaffold,31,0.16890499260834138,0.3526314913321472,1.3845978226593871,1.0260283523340206,0.6358752773006652,False
scaffold,32,0.16439801367270454,0.33395672775400953,1.3474361459027755,0.9769925558505228,0.6551587068021829,False
scaffold,33,0.16646153369914427,0.3271441894084409,1.3336218492845746,0.9784658469750653,0.6621932817913287,False
scaffold,34,0.16154053778167402,0.3291977253498069,1.3378009667660737,0.9610384803845137,0.6600728217683699,False
scaffold,35,0.16317084323364328,0.36367107213448546,1.4061041102428509,1.0428459308142501,0.6244758828859731,False
scaffold,36,0.15921008990928046,0.3414761249517412,1.362521196454734,0.9848020186964948,0.6473942316798776,False
scaffold,37,0.1629318034926878,0.33081181602726273,1.3410766393117561,0.9749727617947227,0.658406126391287,False
scaffold,38,0.16291099253419683,0.3254506675902261,1.3301655267842334,0.978629996271808,0.6639419873608274,False
scaffold,39,0.16219868373586402,0.3169048075562185,1.3125852158709377,0.9440384894526622,0.6727663964488554,True
scaffold,40,0.15444241797070699,0.34759718942538775,1.3746787510432603,1.0077802581670179,0.6410736706446396,False
scaffold,41,0.15571025868881808,0.32500265063536143,1.3292496231843274,0.9507669470628517,0.664404622677315,False
scaffold,42,0.1542871894068418,0.3841855096713581,1.4452187362376916,1.0797676987847042,0.6032928346995516,False
scaffold,43,0.16100101777374615,0.3202032949815862,1.3193985224215647,0.9529831699386578,0.6693604014223531,False
scaffold,44,0.15783693487887268,0.33885106709412016,1.3572739762851938,1.0064278722502324,0.6501048499680735,False
scaffold,45,0.15007677877931946,0.32997865221764155,1.339386803303505,0.996567922188757,0.6592664410580391,False
scaffold,46,0.15327210882739234,0.3085785005201228,1.2952271150546248,0.9411121410289436,0.6813640792656378,True
scaffold,47,0.15080608172168442,0.315536585909167,1.3097486489244479,0.9458484376514019,0.6741792069023207,False
scaffold,48,0.15340587070086514,0.3311754431486647,1.3418135042840884,0.9683560945382523,0.6580306404504297,False
scaffold,49,0.15785847998622182,0.31011775362258875,1.2984535205785015,0.9390846583618502,0.6797746605214243,False
scaffold,50,0.14830608190786812,0.4000232338646746,1.4747068856750674,1.081847519083494,0.5869389027611076,False
scaffold,51,0.1494196057319641,0.3162926220842142,1.3113167933792051,0.9567356695635184,0.6733985381265091,False
scaffold,52,0.1415712295863737,0.3089576636374385,1.2960226208693595,0.9441488721799873,0.6809725578633072,False
scaffold,53,0.15195022206632278,0.30776638374411364,1.293521611763467,0.9488378814704426,0.6822026608837871,True
scaffold,54,0.1468259056387651,0.31437816019947773,1.3073422067157108,0.9569818207583999,0.6753753884940444,False
scaffold,55,0.14475253159725743,0.358558884411727,1.3961862054459293,1.0521906777850702,0.6297546917747435,False
scaffold,56,0.14353425991509328,0.32940472232545537,1.3382215211656543,0.9774898089692724,0.6598590674892386,False
scaffold,57,0.14313825939068825,0.3710623015033449,1.420321039459457,1.0630787431399809,0.6168437456981837,False
scaffold,58,0.1502828833499596,0.3364924732878513,1.3525420392539105,0.9971186405324545,0.6525403135520476,False
scaffold,59,0.1449504585496257,0.30133359499453466,1.2799319248902203,0.9374728817401814,0.688845116478793,True
scaffold,60,0.13700092343084208,0.3437116275381887,1.3669738469954897,1.0031167447492237,0.6450858702996205,False
scaffold,61,0.14053799284706922,0.30956584822847116,1.2972976070296551,0.9441097678481288,0.6803445508461842,False
scaffold,62,0.1458133036945492,0.29933432436299684,1.2756788495737184,0.9351114172138952,0.6909095488589858,True
scaffold,63,0.13921277386635347,0.32441037337330053,1.3280378755545643,0.9754029228392415,0.6650162031376927,False
scaffold,64,0.13715696603124417,0.33760601941520374,1.3547781589522507,1.0067407923685932,0.6513904731908178,False
scaffold,65,0.13409768587984386,0.30120278232268294,1.2796540755934993,0.9303862586316457,0.6889801936342026,False
scaffold,66,0.1370068663436265,0.32596811658648245,1.3312225236983941,0.9722421900227811,0.6634076878208829,False
scaffold,67,0.13954942447179827,0.33320784517068924,1.345924511703588,0.9900422489094809,0.6559319998381601,False
scaffold,68,0.1373577679703396,0.3305334724211124,1.340512359361317,0.9854847611344284,0.6586935283429725,False
scaffold,69,0.13690355475062663,0.3214979337249557,1.3220630912813953,0.964551464207026,0.6680235777415728,False
scaffold,70,0.135083427074933,0.32228390823993147,1.3236781644633617,0.9762476414165292,0.6672119769657954,False
scaffold,71,0.13314502948082968,0.30848348270010795,1.2950276928181415,0.9447366906655246,0.6814621905473257,False
scaffold,72,0.12896218634091333,0.3233193089284504,1.3258027525793912,0.9815745757531108,0.6661428275032142,False
scaffold,73,0.13774459324211463,0.30660873586857396,1.291086534406918,0.9427000617561963,0.6833980528954877,False
scaffold,74,0.13704607781192485,0.3361324819204864,1.3518183316647463,1.0112356525874109,0.6529120460827982,False
scaffold,75,0.13051260135049675,0.3186348006937354,1.3161630669610196,0.9661039533548121,0.6709800152406296,False
scaffold,76,0.1314001315133949,0.3084875394361914,1.2950362271276536,0.946765250794048,0.6814579921672758,False
scaffold,77,0.13243724227985954,0.30248455370325844,1.2823739625270798,0.9240548941023938,0.6876566520004953,False
